-- ------------------------------------------------------------
-- Script de création de la base de données AdventureWorks
-- MS SQL Server
-- ------------------------------------------------------------

USE master;
GO

DROP DATABASE IF EXISTS AdventureWorks;
GO

CREATE DATABASE AdventureWorks;
GO

USE AdventureWorks;
GO


-- Nettoyage de l'environnement
-- ----------------------------
DROP TABLE IF EXISTS EmployeeDepartmentHistory;
DROP TABLE IF EXISTS EmployeePayHistory;
DROP TABLE IF EXISTS Department;
DROP TABLE IF EXISTS Shift;
DROP TABLE IF EXISTS Employee;

DROP TABLE IF EXISTS BusinessEntityAddress;
DROP TABLE IF EXISTS Address;
DROP TABLE IF EXISTS AddressType;
DROP TABLE IF EXISTS BusinessEntity;

DROP TABLE IF EXISTS CountryRegion;
DROP TABLE IF EXISTS EmailAddress;


DROP TABLE IF EXISTS PhoneNumberType;
DROP TABLE IF EXISTS PersonPhone;
DROP TABLE IF EXISTS Person;

DROP TABLE IF EXISTS SalesReason;
DROP TABLE IF EXISTS SalesPersonQuotaHistory;
DROP TABLE IF EXISTS StateProvince;
DROP TABLE IF EXISTS SalesPerson;


DROP TABLE IF EXISTS SalesTerritoryHistory;
DROP TABLE IF EXISTS SalesTerritory;


-- CRéation des tables
-- -------------------
CREATE TABLE SalesTerritory (
  TerritoryID int PRIMARY KEY NOT NULL,
  Name nvarchar(14) DEFAULT NULL,
  CountryRegionCode nvarchar(2) DEFAULT NULL,
  Groupe nvarchar(13) DEFAULT NULL,
  SalesYTD decimal(12,4) DEFAULT NULL,
  SalesLastYear decimal(11,4) DEFAULT NULL,
  CostYTD decimal(5,4) DEFAULT NULL,
  CostLastYear decimal(5,4) DEFAULT NULL,
  rowguid nvarchar(36) DEFAULT NULL,
  ModifiedDate date DEFAULT NULL
);


CREATE TABLE SalesTerritoryHistory (
  SalesTerritoryHistoryID int PRIMARY KEY IDENTITY (1,1),
  BusinessEntityID int NOT NULL,
  TerritoryID int FOREIGN KEY REFERENCES SalesTerritory  NULL,
  StartDate date DEFAULT NULL,
  EndDate date DEFAULT NULL,
  rowguid nvarchar(36) DEFAULT NULL,
  ModifiedDate date DEFAULT NULL
);

CREATE TABLE StateProvince (
  StateProvinceID int PRIMARY KEY NOT NULL,
  StateProvinceCode nvarchar(3) DEFAULT NULL,
  CountryRegionCode nvarchar(2) DEFAULT NULL,
  IsOnlyStateProvinceFlag int DEFAULT NULL,
  Name nvarchar(24) DEFAULT NULL,
  TerritoryID int FOREIGN KEY REFERENCES SalesTerritory,
  rowguid nvarchar(36) DEFAULT NULL,
  ModifiedDate datetime DEFAULT NULL
);


CREATE TABLE SalesPerson (
  BusinessEntityID int PRIMARY KEY NOT NULL,
  TerritoryID int FOREIGN KEY REFERENCES SalesTerritory,
  SalesQuota decimal(11,4) DEFAULT NULL,
  Bonus DECIMAL(8,4) DEFAULT NULL,
  CommissionPct DECIMAL(5,4) DEFAULT NULL,
  SalesYTD decimal(11,4) DEFAULT NULL,
  SalesLastYear decimal(11,4) DEFAULT NULL,
  rowguid nvarchar(36) DEFAULT NULL,
  ModifiedDate date DEFAULT NULL
);

CREATE TABLE SalesPersonQuotaHistory (
  SalesPersonQuotaHistoryID int PRIMARY KEY IDENTITY (1,1),
  BusinessEntityID int NOT NULL,
  QuotaDate date DEFAULT NULL,
  SalesQuota decimal(11,4) DEFAULT NULL,
  rowguid nvarchar(36) DEFAULT NULL,
  ModifiedDate date DEFAULT NULL
);


CREATE TABLE SalesReason (
  SalesReasonID int PRIMARY KEY NOT NULL,
  Name nvarchar(25) DEFAULT NULL,
  ReasonType nvarchar(15) DEFAULT NULL,
  ModifiedDate date DEFAULT NULL
);

CREATE TABLE Person (
  BusinessEntityID int PRIMARY KEY NOT NULL,
  PersonType nvarchar(2) DEFAULT NULL,
  NameStyle int DEFAULT NULL,
  Title nvarchar(4) DEFAULT NULL,
  FirstName nvarchar(24) DEFAULT NULL,
  MiddleName nvarchar(16) DEFAULT NULL,
  LastName nvarchar(22) DEFAULT NULL,
  Suffix nvarchar(3) DEFAULT NULL,
  EmailPromotion int DEFAULT NULL,
  AdditionalContactInfo nvarchar(100),
  Demographics nvarchar(100),
  rowguid nvarchar(36) DEFAULT NULL,
  ModifiedDate date DEFAULT NULL
);


CREATE TABLE PhoneNumberType (
  PhoneNumberTypeID int PRIMARY KEY NOT NULL,
  Name nvarchar(4) DEFAULT NULL,
  ModifiedDate date DEFAULT NULL
);


CREATE TABLE PersonPhone (
  BusinessEntityID int PRIMARY KEY NOT NULL,
  PhoneNumber nvarchar(19) DEFAULT NULL,
  PhoneNumberTypeID int FOREIGN KEY REFERENCES PhoneNumberType,
  ModifiedDate date DEFAULT NULL
);


CREATE TABLE EmailAddress (
  BusinessEntityID int PRIMARY KEY NOT NULL,
  EmailAddressID int DEFAULT NULL,
  EmailAddress nvarchar(43) DEFAULT NULL,
  rowguid nvarchar(36) DEFAULT NULL,
  ModifiedDate date DEFAULT NULL
);


CREATE TABLE CountryRegion (
  CountryRegionCode nvarchar(2) PRIMARY KEY NOT NULL,
  Name nvarchar(44) DEFAULT NULL,
  ModifiedDate date DEFAULT NULL
);


CREATE TABLE BusinessEntity (
  BusinessEntityID int PRIMARY KEY NOT NULL,
  rowguid nvarchar(36) DEFAULT NULL,
  ModifiedDate date DEFAULT NULL
);


CREATE TABLE Address (
  AddressID int PRIMARY KEY NOT NULL,
  AddressLine1 nvarchar(39) DEFAULT NULL,
  AddressLine2 nvarchar(28) DEFAULT NULL,
  City nvarchar(21) DEFAULT NULL,
  StateProvinceID smallint DEFAULT NULL,
  PostalCode nvarchar(10) DEFAULT NULL,
  SpatialLocation nvarchar(44) DEFAULT NULL,
  rowguid nvarchar(36) DEFAULT NULL,
  ModifiedDate date DEFAULT NULL
);


CREATE TABLE AddressType (
  AddressTypeID int PRIMARY KEY NOT NULL,
  Name nvarchar(11) DEFAULT NULL,
  rowguid nvarchar(36) DEFAULT NULL,
  ModifiedDate date DEFAULT NULL
);

CREATE TABLE BusinessEntityAddress (
  BusinessEntityID int PRIMARY KEY NOT NULL,
  AddressID int FOREIGN KEY REFERENCES Address,
  AddressTypeID int FOREIGN KEY REFERENCES AddressType,
  rowguid nvarchar(36) DEFAULT NULL,
  ModifiedDate date DEFAULT NULL
);


CREATE TABLE Employee (
  BusinessEntityID int PRIMARY KEY NOT NULL,
  NationalIDNumber int DEFAULT NULL,
  LoginID nvarchar(28) DEFAULT NULL,
  OrganizationNode nvarchar(8) DEFAULT NULL,
  OrganizationLevel nvarchar(1) DEFAULT NULL,
  JobTitle nvarchar(40) DEFAULT NULL,
  BirthDate date DEFAULT NULL,
  MaritalStatus nvarchar(1) DEFAULT NULL,
  Gender nvarchar(1) DEFAULT NULL,
  HireDate date DEFAULT NULL,
  SalariedFlag int DEFAULT NULL,
  VacationHours int DEFAULT NULL,
  SickLeaveHours int DEFAULT NULL,
  CurrentFlag int DEFAULT NULL,
  rowguid nvarchar(36) DEFAULT NULL,
  ModifiedDate date DEFAULT NULL
);

CREATE TABLE Shift (
  ShiftID int PRIMARY KEY NOT NULL,
  Name nvarchar(7) DEFAULT NULL,
  StartTime nvarchar(8) DEFAULT NULL,
  EndTime nvarchar(8) DEFAULT NULL,
  ModifiedDate date DEFAULT NULL
);


CREATE TABLE Department (
  DepartmentID int PRIMARY KEY NOT NULL,
  Name nvarchar(26) DEFAULT NULL,
  GroupName nvarchar(36) DEFAULT NULL,
  ModifiedDate date DEFAULT NULL
);


CREATE TABLE EmployeeDepartmentHistory (
  DepartmentHistoryID int PRIMARY KEY IDENTITY (1,1),
  BusinessEntityID int NOT NULL,
  DepartmentID int FOREIGN KEY REFERENCES Department,
  ShiftID int FOREIGN KEY REFERENCES Shift,
  StartDate date DEFAULT NULL,
  EndDate date DEFAULT NULL,
  ModifiedDate date DEFAULT NULL
);


CREATE TABLE EmployeePayHistory (
  PayHistoryID int PRIMARY KEY IDENTITY (1,1),
  BusinessEntityID int NOT NULL,
  RateChangeDate date DEFAULT NULL,
  Rate decimal(7,4) DEFAULT NULL,
  PayFrequency int DEFAULT NULL,
  ModifiedDate date DEFAULT NULL
);

-- Insertion des données dans la base de données.
-- Insertion de données dans SalesTerritory
INSERT INTO SalesTerritory
VALUES 
	(1,'Northwest','US','North America',7887186.7882,3298694.4938,0.0000,0.0000,'43689A10-E30B-497F-B0DE-11DE20267FF7','2008-04-30'),
	(2,'Northeast','US','North America',2402176.8476,3607148.9371,0.0000,0.0000,'00FB7309-96CC-49E2-8363-0A1BA72486F2','2008-04-30'),
	(3,'Central','US','North America',3072175.1180,3205014.0767,0.0000,0.0000,'DF6E7FD8-1A8D-468C-B103-ED8ADDB452C1','2008-04-30'),
	(4,'Southwest','US','North America',10510853.8739,5366575.7098,0.0000,0.0000,'DC3E9EA0-7950-4431-9428-99DBCBC33865','2008-04-30'),
	(5,'Southeast','US','North America',2538667.2515,3925071.4318,0.0000,0.0000,'6DC4165A-5E4C-42D2-809D-4344E0AC75E7','2008-04-30'),
	(6,'Canada','CA','North America',6771829.1376,5693988.8600,0.0000,0.0000,'06B4AF8A-1639-476E-9266-110461D66B00','2008-04-30'),
	(7,'France','FR','Europe',4772398.3078,2396539.7601,0.0000,0.0000,'BF806804-9B4C-4B07-9D19-706F2E689552','2008-04-30'),
	(8,'Germany','DE','Europe',3805202.3478,1307949.7917,0.0000,0.0000,'6D2450DB-8159-414F-A917-E73EE91C38A9','2008-04-30'),
	(9,'Australia','AU','Pacific',5977814.9154,2278548.9776,0.0000,0.0000,'602E612E-DFE9-41D9-B894-27E489747885','2008-04-30'),
	(10,'United Kingdom','GB','Europe',5012905.3656,1635823.3967,0.0000,0.0000,'05FC7E1F-2DEA-414E-9ECD-09D150516FB5','2008-04-30');

-- Insertion de données dans SalesTerritoryHistory

INSERT INTO SalesTerritoryHistory (BusinessEntityID, TerritoryID, StartDate, EndDate, rowguid, ModifiedDate)
VALUES 
	(275,2,'2011-05-31','2012-11-29','8563CE6A-00FF-47D7-BA4D-3C3E1CDEF531','2012-11-22'),
	(275,3,'2012-11-30',NULL,'2F44304C-EE87-4C72-813E-CA75C5F61F4C','2012-11-23'),
	(276,4,'2011-05-31',NULL,'64BCB1B3-A793-40BA-9859-D90F78C3F167','2011-05-24'),
	(277,3,'2011-05-31','2012-11-29','3E9F893D-5142-46C9-A76A-867D1E3D6F90','2012-11-22'),
	(277,2,'2012-11-30',NULL,'132E4721-32DD-4A73-B556-1837F3A2B9AE','2012-11-23'),
	(278,6,'2011-05-31',NULL,'B7C8F9F5-5FB8-47B3-BE73-1B9A14BDF8B9','2011-05-24'),
	(279,5,'2011-05-31',NULL,'57D1CDCF-62CE-499F-8BE8-1BB71C4BB7EF','2011-05-24'),
	(280,1,'2011-05-31','2012-09-29','FD3F5566-10E2-4960-BE12-0365E5665881','2012-09-22'),
	(281,4,'2011-05-31',NULL,'9D8754B2-C320-40DB-A77F-FF5A1BC0F46B','2011-05-24'),
	(282,6,'2011-05-31','2012-05-29','2C9F5240-D8BF-4F85-897D-6083146DBC4B','2012-05-22'),
	(282,10,'2012-05-30',NULL,'92375465-38C6-4C86-ABA1-9838A2969475','2012-05-23'),
	(283,1,'2011-05-31',NULL,'009F7660-44A6-4ADF-BD4B-A5D1B79993F5','2011-05-24'),
	(284,1,'2012-09-30',NULL,'ED12F921-8023-48EF-84BD-94D942F4C009','2012-09-23'),
	(286,9,'2013-05-30',NULL,'D664D989-2BEB-4F2C-A4AA-691018965283','2013-05-23'),
	(288,8,'2013-05-30',NULL,'3E1360CB-32E0-4286-8D98-8539F1AB2550','2013-05-23'),
	(289,6,'2012-05-30',NULL,'987613ED-33D6-42A6-B992-0B33E9234934','2012-05-23'),
	(290,7,'2012-05-30',NULL,'8895E74D-6D38-4140-BBEA-A8136A2F480E','2012-05-23');

-- Insertion de données dans StateProvince
INSERT INTO StateProvince 
VALUES 
	(1,'AB ','CA',0,'Alberta',6,'298C2880-AB1C-4982-A5AD-A36EB4BA0D34','2014-02-08 10:17:21'),
	(2,'AK ','US',0,'Alaska',1,'5B7B8462-A888-4E0B-A3E1-7278F8AF107E','2014-02-08 10:17:21'),
	(3,'AL ','US',0,'Alabama',5,'41B328BE-21AE-45D0-841D-6F8DD71CE626','2014-02-08 10:17:21'),
	(4,'AR ','US',0,'Arkansas',3,'54656A80-06F2-4C70-BA10-247179FC246E','2014-02-08 10:17:21'),
	(5,'AS ','AS',1,'American Samoa',1,'255D15E1-9F6E-4CF8-9E5F-6B3858AD9B6A','2014-02-08 10:17:21'),
	(6,'AZ ','US',0,'Arizona',4,'FB8BE18E-F441-44F0-A4A9-1D0F204CB701','2014-02-08 10:17:21'),
	(7,'BC ','CA',0,'British Columbia',6,'D27FCC6E-BB99-438B-BA86-285CEEB2FA53','2014-02-08 10:17:21'),
	(8,'BY ','DE',0,'Bayern',8,'D54E5000-A0DA-46D1-86B0-B8FE16C9F781','2014-02-08 10:17:21'),
	(9,'CA ','US',0,'California',4,'3B2FF23C-1C75-40AE-9093-F4EB42263F4E','2014-02-08 10:17:21'),
	(10,'CO ','US',0,'Colorado',3,'292DF595-7D3C-41FB-A040-7C184D379FCE','2014-02-08 10:17:21'),
	(11,'CT ','US',0,'Connecticut',2,'1E7BB47A-E16B-4968-86FA-45AF0211FA84','2014-02-08 10:17:21'),
	(12,'DC ','US',0,'District of Columbia',2,'A1F3C57E-85B3-41E3-88E8-07244CF087DD','2014-02-08 10:17:21'),
	(13,'DE ','US',0,'Delaware',2,'7A11AB1D-77C0-4021-9140-8E81F105618E','2014-02-08 10:17:21'),
	(14,'ENG','GB',1,'England',10,'3E3CB3F8-44B9-44D9-A1C3-CBFB11E0A7DA','2014-02-08 10:17:21'),
	(15,'FL ','US',0,'Florida',5,'EE8BA90D-B2C3-418E-93DF-20E33F095959','2014-02-08 10:17:21'),
	(16,'FM ','FM',1,'Micronesia',9,'3202DA35-AED4-40E2-9EC4-27C17F420170','2014-02-08 10:17:21'),
	(17,'GA ','US',0,'Georgia',5,'A6CA20D1-31AC-4771-8994-93DBBDCCE360','2014-02-08 10:17:21'),
	(18,'GU ','US',0,'Guam',4,'92B5A04E-26EC-4EDB-8D14-E72E29B14411','2014-02-08 10:17:21'),
	(19,'HE ','DE',0,'Hessen',8,'834FC3DF-B60D-4F94-95BD-AEF8A9FB74E8','2014-02-08 10:17:21'),
	(20,'HH ','DE',0,'Hamburg',8,'1CC5A134-60D7-40C2-9269-CDA494214ABF','2014-02-08 10:17:21'),
	(21,'HI ','US',0,'Hawaii',1,'09CDCCDC-B4B8-44EA-B04F-6EF521E3E720','2014-02-08 10:17:21'),
	(22,'IA ','US',0,'Iowa',3,'956A6C02-7D2F-4C9D-B275-8D2C0EF8FD83','2014-02-08 10:17:21'),
	(23,'ID ','US',0,'Idaho',1,'628E983A-33C7-4CB4-867F-274EF12B3597','2014-02-08 10:17:21'),
	(24,'IL ','US',0,'Illinois',3,'1F9120CF-683A-4132-A12C-98997FADEB26','2014-02-08 10:17:21'),
	(25,'IN ','US',0,'Indiana',2,'91F21EF0-C528-4310-BB29-6BA45AE75A17','2014-02-08 10:17:21'),
	(26,'KS ','US',0,'Kansas',3,'4ECCC236-56E8-4FF7-B510-BF50E0966046','2014-02-08 10:17:21'),
	(27,'KY ','US',0,'Kentucky',5,'810918BC-45DC-4E01-8544-B322A05EC94E','2014-02-08 10:17:21'),
	(28,'LA ','US',0,'Louisiana',3,'4E2BC5A5-0C3E-421B-BE18-5D79B4A7C0D0','2014-02-08 10:17:21'),
	(29,'LB ','CA',0,'Labrador',6,'9847C998-A7BF-4A66-BBAC-75939B092CC0','2014-02-08 10:17:21'),
	(30,'MA ','US',0,'Massachusetts',2,'77D7E754-1B03-4BB3-A4D4-B1A6AC1C968E','2014-02-08 10:17:21'),
	(31,'MB ','CA',0,'Manitoba',6,'0FF23B5D-1E18-40F8-A886-9960ED699049','2014-02-08 10:17:21'),
	(32,'MD ','US',0,'Maryland',2,'B3D8517D-A857-41E7-A692-A1CB02A5F667','2014-02-08 10:17:21'),
	(33,'ME ','US',0,'Maine',2,'B978A102-632B-4345-8918-E0E8F440FC3B','2014-02-08 10:17:21'),
	(34,'MH ','MH',1,'Marshall Islands',9,'C5C5A615-E2DD-4FDF-A4A7-0613C6CCAE80','2014-02-08 10:17:21'),
	(35,'MI ','US',0,'Michigan',3,'0CB0855B-783A-4701-9D45-597A919BFB23','2014-02-08 10:17:21'),
	(36,'MN ','US',0,'Minnesota',3,'553C8DAA-4142-427C-B772-66BEDADEF372','2014-02-08 10:17:21'),
	(37,'MO ','US',0,'Missouri',3,'FF5D76AE-0B45-4F32-96F7-AD5B7775E9EC','2014-02-08 10:17:21'),
	(38,'MP ','MP',1,'Northern Mariana Islands',9,'ABEBD704-DB65-47F7-A778-528025F7E7F4','2014-02-08 10:17:21'),
	(39,'MS ','US',0,'Mississippi',5,'D33F23C7-60BE-4D31-8028-814A6CCA7F37','2014-02-08 10:17:21'),
	(40,'MT ','US',0,'Montana',1,'D4FF6E1A-A8E8-4379-A43C-746DBB0D6D13','2014-02-08 10:17:21'),
	(41,'NB ','CA',0,'Brunswick',6,'C28C848F-AE86-4859-9E7E-0190D6C22700','2014-02-08 10:17:21'),
	(42,'NC ','US',0,'North Carolina',5,'2C1C5211-3388-4DFF-B0FF-DB0B43E4A22D','2014-02-08 10:17:21'),
	(43,'ND ','US',0,'North Dakota',3,'1551BEA8-4DEE-477D-858F-45FF7A2FB14F','2014-02-08 10:17:21'),
	(44,'NE ','US',0,'Nebraska',3,'2DEA1C82-A684-4D7C-BEA2-4119D9D3AE60','2014-02-08 10:17:21'),
	(45,'NF ','CA',0,'Newfoundland',6,'26D01B6D-3726-453F-B1F3-98A332EB3D8D','2014-02-08 10:17:21'),
	(46,'NH ','US',0,'New Hampshire',2,'B30C26AE-62E3-499A-80A8-A167275BAEBD','2014-02-08 10:17:21'),
	(47,'NJ ','US',0,'New Jersey',2,'7464D0B1-78A7-4F8A-B4CC-375900005F46','2014-02-08 10:17:21'),
	(48,'NM ','US',0,'New Mexico',4,'11DEDA26-4733-497F-BAE3-7BED6B076600','2014-02-08 10:17:21'),
	(49,'NS ','CA',0,'Nova Scotia',6,'ADF58BA5-269F-4C48-8C7D-6754E4667ACF','2014-02-08 10:17:21'),
	(50,'NSW','AU',0,'New South Wales',9,'9910DD7E-A4C5-4599-86F5-9F581B53A92D','2014-02-08 10:17:21'),
	(51,'NT ','CA',0,'Northwest Territories',6,'CCAAC582-EF30-492C-93CE-5F8B3452D531','2014-02-08 10:17:21'),
	(52,'NV ','US',0,'Nevada',1,'50E0FBE0-50B7-40EB-A20B-AAAE85A680DD','2014-02-08 10:17:21'),
	(53,'NW ','DE',0,'Nordrhein-Westfalen',8,'C385B296-FBB7-44E1-9DED-23B7FBA346F0','2014-02-08 10:17:21'),
	(54,'NY ','US',0,'New York',2,'4F83E68D-4C26-4C53-A4B3-46B7F19C6498','2014-02-08 10:17:21'),
	(55,'OH ','US',0,'Ohio',2,'6E1792B5-D021-47B1-98FC-9D60F46F3400','2014-02-08 10:17:21'),
	(56,'OK ','US',0,'Oklahoma',3,'AA680EBA-B546-4718-8379-963DA0CEA86F','2014-02-08 10:17:21'),
	(57,'ON ','CA',0,'Ontario',6,'5528E2CF-AE39-4F65-BD32-FA32C6FF96FA','2014-02-08 10:17:21'),
	(58,'OR ','US',0,'Oregon',1,'17EBF52E-94C8-4E7B-9EF3-5B6236763B49','2014-02-08 10:17:21'),
	(59,'PA ','US',0,'Pennsylvania',2,'9E1D834C-7076-4546-9F1B-1BD626037250','2014-02-08 10:17:21'),
	(60,'PE ','CA',0,'Prince Edward Island',6,'8B3EC300-24F0-42AB-8DCF-60F45F007642','2014-02-08 10:17:21'),
	(61,'PR ','US',0,'Puerto Rico',5,'71B87F6C-5C07-4B7F-8D8C-2C5310410579','2014-02-08 10:17:21'),
	(62,'PW ','PW',1,'Palau',9,'EFCF1702-2358-40FC-BE8F-DF6D71A7D89A','2014-02-08 10:17:21'),
	(63,'QC ','CA',0,'Quebec',6,'FF830158-3466-495F-BFCF-8A1B82A65355','2014-02-08 10:17:21'),
	(64,'QLD','AU',0,'Queensland',9,'152658FA-AD59-4FA0-82A6-F76980F0183F','2014-02-08 10:17:21'),
	(65,'RI ','US',0,'Rhode Island',2,'7FC72AB3-646D-475F-A708-544AF3636AA8','2014-02-08 10:17:21'),
	(66,'SA ','AU',0,'South Australia',9,'DCAE37CD-FD8D-41FE-90ED-EDAD22B63DC8','2014-02-08 10:17:21'),
	(67,'SC ','US',0,'South Carolina',5,'131CF47D-4F64-4A08-AFCB-0A1EE17A8534','2014-02-08 10:17:21'),
	(68,'SD ','US',0,'South Dakota',3,'90AAD17F-451F-42A1-9CF8-EC65B0ACB34F','2014-02-08 10:17:21'),
	(69,'SK ','CA',0,'Saskatchewan',6,'D44759BA-43E8-42E7-98FA-54B377C734FC','2014-02-08 10:17:21'),
	(70,'SL ','DE',0,'Saarland',8,'F555DD9E-A190-4DC4-9433-7FE257AA6E82','2014-02-08 10:17:21'),
	(71,'TAS','AU',0,'Tasmania',9,'2DB59B03-9F19-4D12-ACEF-974016827BE1','2014-02-08 10:17:21'),
	(72,'TN ','US',0,'Tennessee',5,'D1B0F98F-514D-42B4-B84B-9C40A8A455D5','2014-02-08 10:17:21'),
	(73,'TX ','US',0,'Texas',4,'99C542E0-5D3D-43A6-8D96-AF65A985D6E4','2014-02-08 10:17:21'),
	(74,'UT ','US',0,'Utah',1,'FD66BE42-BFEF-4233-942B-E8D79A594AFA','2014-02-08 10:17:21'),
	(75,'VA ','US',0,'Virginia',5,'990AA59C-838C-410F-A675-17EB861FA33F','2014-02-08 10:17:21'),
	(76,'VI ','VI',1,'Virgin Islands',5,'14F593D3-1500-477D-AC6B-D41B3FAFBE5A','2014-02-08 10:17:21'),
	(77,'VIC','AU',0,'Victoria',9,'6A683928-8F1F-4369-A64A-60979E216824','2014-02-08 10:17:21'),
	(78,'VT ','US',0,'Vermont',2,'348687E4-7879-4D74-AFD7-C8511588CFA3','2014-02-08 10:17:21'),
	(79,'WA ','US',0,'Washington',1,'16274DF0-6F05-43A6-BC18-AD171017A1EB','2014-02-08 10:17:21'),
	(80,'WI ','US',0,'Wisconsin',3,'9D93821E-3ADD-42DE-BD51-81CFA94046FF','2014-02-08 10:17:21'),
	(81,'WV ','US',0,'West Virginia',5,'C9CE898F-8E21-4FBF-A70A-06F32D543A18','2014-02-08 10:17:21'),
	(82,'WY ','US',0,'Wyoming',1,'778951DC-0475-4054-8CAB-892C8A38174E','2014-02-08 10:17:21'),
	(83,'YT ','CA',0,'Yukon Territory',6,'A01F5896-C4B1-4C2A-9F60-56470DD39F82','2014-02-08 10:17:21'),
	(84,'FR ','FR',1,'France',7,'092C7063-901E-414B-BC61-0BF7919DA883','2008-04-30'),
	(85,'BB ','DE',0,'Brandenburg',8,'DD386C06-2BEB-4F18-9A85-C066F1A47EA1','2008-04-30'),
	(86,'SN ','DE',0,'Saxony',8,'C3E9D0D7-12E7-4395-AC37-11498A3C5E2D','2008-04-30'),
	(87,'01 ','FR',0,'Ain',7,'F6F7985C-9132-46B5-8963-F99C9F3234DE','2008-04-30'),
	(88,'02 ','FR',0,'Aisne',7,'1B30C5E7-9BB4-4546-9306-4600CA0E90CA','2008-04-30'),
	(89,'03 ','FR',0,'Allier',7,'DD59673D-852A-4AAF-9B27-623F54477EC2','2008-04-30'),
	(90,'04 ','FR',0,'Alpes-de-Haute Provence',7,'458480B4-E4AB-4015-B73A-1B7296F8B8B3','2008-04-30'),
	(91,'05 ','FR',0,'Alpes (Haute)',7,'0AF69922-9301-4E3E-8592-E7A268A27B7A','2008-04-30'),
	(92,'06 ','FR',0,'Alpes-Maritimes',7,'1AAA549B-D0D0-4CFE-BE07-8F2858D44505','2008-04-30'),
	(93,'07 ','FR',0,'Ardeche',7,'7C566B51-1E45-4BFF-98B7-34CB813DE6E1','2008-04-30'),
	(94,'08 ','FR',0,'Ardennes',7,'91E9286B-E601-4F26-95E4-062865E515BF','2008-04-30'),
	(95,'09 ','FR',0,'Arge',7,'FE5A9442-417C-48C3-B582-ED40B7813C2C','2008-04-30'),
	(96,'10 ','FR',0,'Aube',7,'519D0FB2-FFBF-4B4B-9112-58FEA32D84E6','2008-04-30'),
	(97,'11 ','FR',0,'Aude',7,'B451CE92-B0F6-47FF-8769-050050432C9C','2008-04-30'),
	(98,'12 ','FR',0,'Aveyron',7,'79CD2767-A7D9-4BD6-BEEC-D2CDF4DA0AF1','2008-04-30'),
	(99,'13 ','FR',0,'Bouches du Rhone',7,'32519BD3-40C2-4976-8579-0F1A7D2D3DE4','2008-04-30'),
	(100,'14 ','FR',0,'Calvados',7,'2BD91456-C8AE-4A5D-9270-A4A446ECCACB','2008-04-30');

-- Insertion de données dans SalesPerson
INSERT INTO SalesPerson 
VALUES 
	(274,NULL,0.0000,0.0000,0.0000,559697.5639,0.0000,'48754992-9EE0-4C0E-8C94-9451604E3E02','2010-12-28'),
	(275,2,300000.0000,4100.0000,0.0120,3763178.1787,1750406.4785,'1E0A7274-3064-4F58-88EE-4C6586C87169','2011-05-24'),
	(276,4,250000.0000,2000.0000,0.0150,4251368.5497,1439156.0291,'4DD9EEE4-8E81-4F8C-AF97-683394C1F7C0','2011-05-24'),
	(277,3,250000.0000,2500.0000,0.0150,3189418.3662,1997186.2037,'39012928-BFEC-4242-874D-423162C3F567','2011-05-24'),
	(278,6,250000.0000,500.0000,0.0100,1453719.4653,1620276.8966,'7A0AE1AB-B283-40F9-91D1-167ABF06D720','2011-05-24'),
	(279,5,300000.0000,6700.0000,0.0100,2315185.6110,1849640.9418,'52A5179D-3239-4157-AE29-17E868296DC0','2011-05-24'),
	(280,1,250000.0000,5000.0000,0.0100,1352577.1325,1927059.1780,'BE941A4A-FB50-4947-BDA4-BB8972365B08','2011-05-24'),
	(281,4,250000.0000,3550.0000,0.0100,2458535.6169,2073505.9999,'35326DDB-7278-4FEF-B3BA-EA137B69094E','2011-05-24'),
	(282,6,250000.0000,5000.0000,0.0150,2604540.7172,2038234.6549,'31FD7FC1-DC84-4F05-B9A0-762519EACACC','2011-05-24'),
	(283,1,250000.0000,3500.0000,0.0120,1573012.9383,1371635.3158,'6BAC15B2-8FFB-45A9-B6D5-040E16C2073F','2011-05-24'),
	(284,1,300000.0000,3900.0000,0.0190,1576562.1966,0.0000,'AC94EC04-A2DC-43E3-8654-DD0C546ABC17','2012-09-23'),
	(285,NULL,0.0000,0.0000,0.0000,172524.4512,0.0000,'CFDBEF27-B1F7-4A56-A878-0221C73BAE67','2013-03-07'),
	(286,9,250000.0000,5650.0000,0.0180,1421810.9242,2278548.9776,'9B968777-75DC-45BD-A8DF-9CDAA72839E1','2013-05-23'),
	(287,NULL,0.0000,0.0000,0.0000,519905.9320,0.0000,'1DD1F689-DF74-4149-8600-59555EEF154B','2012-04-09'),
	(288,8,250000.0000,75.0000,0.0180,1827066.7118,1307949.7917,'224BB25A-62E3-493E-ACAF-4F8F5C72396A','2013-05-23'),
	(289,10,250000.0000,5150.0000,0.0200,4116871.2277,1635823.3967,'25F6838D-9DB4-4833-9DDC-7A24283AF1BA','2012-05-23'),
	(290,7,250000.0000,985.0000,0.0160,3121616.3202,2396539.7601,'F509E3D4-76C8-42AA-B353-90B7B8DB08DE','2012-05-23');

-- Insertion de données dans SalesPersonQuotaHistory

INSERT INTO SalesPersonQuotaHistory (BusinessEntityID, QuotaDate, SalesQuota, rowguid, ModifiedDate)
VALUES 
	(274,'2011-05-31',28000.0000,'99109BBF-8693-4587-BC23-6036EC89E1BE','2011-04-16'),(274,'2011-08-31',7000.0000,'DFD01444-8900-461C-8D6F-04598DAE01D4','2011-07-17'),(274,'2011-12-01',91000.0000,'0A69F453-9689-4CCF-A08C-C644670F5668','2011-10-17'),(274,'2012-02-29',140000.0000,'DA8D1458-5FB9-4C3E-9EAD-8F5CE1393047','2012-01-15'),(274,'2012-05-30',70000.0000,'760CEF84-B980-417B-A667-7358C38857F0','2012-04-15'),(274,'2012-08-30',154000.0000,'FB29E024-F26A-49AA-A7CC-C99AE7BA4853','2012-07-16'),(274,'2012-11-30',107000.0000,'13947D2C-A254-47C9-8817-CBD186FFA526','2012-10-16'),(274,'2013-02-28',58000.0000,'BC1A222F-47A0-48D1-9C56-AC873269DC98','2013-01-14'),(274,'2013-05-30',263000.0000,'8B4E3CBF-F0EF-49C5-9A8C-87679055057E','2013-04-15'),(274,'2013-08-30',116000.0000,'E9DE95E3-B119-4441-BD1D-B27FC4516022','2013-07-16'),(274,'2013-11-30',84000.0000,'7CEA47B5-8391-4414-A866-FF6EC6628CD3','2013-10-16'),(274,'2014-03-01',187000.0000,'0CFB6474-20AA-46D3-A5C0-29DBA2EDA025','2014-01-15'),(275,'2011-05-31',367000.0000,'5F7E9647-3F08-49B0-A4A4-90257FC78197','2011-04-16'),(275,'2011-08-31',556000.0000,'87AC1FB7-A3C5-43A6-90AA-2D09AE00148A','2011-07-17'),(275,'2011-12-01',502000.0000,'52849F15-2FC4-4154-894D-1E3D3DAEA181','2011-10-17'),(275,'2012-02-29',550000.0000,'C69B67DB-F35F-4DAD-A8A8-C4D074AD17DB','2012-01-15'),(275,'2012-05-30',1429000.0000,'ACE52EBF-5328-4B20-951F-F7323F0D3A56','2012-04-15'),(275,'2012-08-30',1324000.0000,'59FD606C-22FF-4F43-951B-74FCA7758EDE','2012-07-16'),(275,'2012-11-30',729000.0000,'A2907D41-6271-43D5-8439-DFFEB6B963FA','2012-10-16'),(275,'2013-02-28',1194000.0000,'08270720-0537-4F0E-BA15-375EC0660F31','2013-01-14'),(275,'2013-05-30',1575000.0000,'AA3C8A00-6590-497E-80F6-075BB947E025','2013-04-15'),(275,'2013-08-30',1218000.0000,'12AAC834-AB2F-4E84-B85D-08839670C198','2013-07-16'),(275,'2013-11-30',849000.0000,'118F1FC6-7B7E-4588-90B0-F08BA349DBE7','2013-10-16'),(275,'2014-03-01',869000.0000,'1290B655-35F4-4447-A4C5-1385F62FEF4D','2014-01-15'),(276,'2011-05-31',637000.0000,'2DF41DD8-182E-4C57-AE81-718F714CB4FF','2011-04-16'),(276,'2011-08-31',781000.0000,'CB65848E-16D8-42FD-A9F3-8A8CAE4CEB9C','2011-07-17'),(276,'2011-12-01',665000.0000,'E35D6A3A-8303-47DD-B0E6-FD7D40A396B2','2011-10-17'),(276,'2012-02-29',639000.0000,'F8443072-C5B3-4F3F-8E20-5F53C90B0414','2012-01-15'),(276,'2012-05-30',1355000.0000,'1B62E37F-2045-404A-B3F0-4E7B65C8D979','2012-04-15'),(276,'2012-08-30',1009000.0000,'68082AFC-9A96-4EDE-8B8E-64C4E9F8DDD4','2012-07-16'),(276,'2012-11-30',860000.0000,'A6FCE001-AF4B-45FA-998C-F69E097D650E','2012-10-16'),(276,'2013-02-28',1021000.0000,'AEDA3A74-5E52-4FDC-AE81-E236B4D14F5F','2013-01-14'),(276,'2013-05-30',1525000.0000,'C81757CA-DA32-4618-8429-395F96283A6D','2013-04-15'),(276,'2013-08-30',1276000.0000,'C5A85488-C1DC-4F85-9B24-ADDF853793F8','2013-07-16'),(276,'2013-11-30',894000.0000,'9D246AF6-85FE-4A25-A266-70A11895D013','2013-10-16'),(276,'2014-03-01',1124000.0000,'633A5552-F996-475F-BD93-BB6F343F65D8','2014-01-15'),(277,'2011-05-31',565000.0000,'D1F92EC2-0C55-47D4-BE71-54B37223D19F','2011-04-16'),(277,'2011-08-31',872000.0000,'F9823592-5888-487D-9B86-79074A27A96F','2011-07-17'),(277,'2011-12-01',846000.0000,'472859C3-39A7-4504-A0CD-760CBEAC95F8','2011-10-17'),(277,'2012-02-29',952000.0000,'ECA1E739-05F5-4584-9118-927634284E93','2012-01-15'),(277,'2012-05-30',1600000.0000,'D368DC2C-F142-48F6-A787-91D818C04534','2012-04-15'),(277,'2012-08-30',1352000.0000,'64C8E4F4-F979-4816-A2EE-B044AD74224D','2012-07-16'),(277,'2012-11-30',839000.0000,'0569DF99-DEAB-46CE-8818-8EEE2DD47BF1','2012-10-16'),(277,'2013-02-28',1369000.0000,'0323D0BC-C5CC-4D67-8935-DD05074FBA43','2013-01-14'),(277,'2013-05-30',1171000.0000,'FCA465DE-87F6-4F95-B80F-103726CE823B','2013-04-15'),(277,'2013-08-30',971000.0000,'D1CF9BFC-0E82-4B0A-BECC-DA6246767A74','2013-07-16'),(277,'2013-11-30',714000.0000,'980224A6-3397-4AF9-9B7B-883C80122A6A','2013-10-16'),(277,'2014-03-01',947000.0000,'440AA05D-4BC7-4093-8C4E-54F7F8C74BB9','2014-01-15'),(278,'2011-05-31',244000.0000,'16962D2D-F610-4150-9C05-0BE2E0FFE207','2011-04-16'),(278,'2011-08-31',356000.0000,'5690E967-970D-41F6-9864-C64BD61A896D','2011-07-17'),(278,'2011-12-01',266000.0000,'9AEDA6BA-4476-4F8E-821B-26B52596718F','2011-10-17'),(278,'2012-02-29',341000.0000,'EE81E30A-0878-4FDD-B626-C44AD7B7DF61','2012-01-15'),(278,'2012-05-30',542000.0000,'AB87AE3A-A0DB-4073-B348-02851BE80D64','2012-04-15'),(278,'2012-08-30',329000.0000,'B06507B8-6A96-4819-AC31-A77411C9B777','2012-07-16'),(278,'2012-11-30',239000.0000,'4580482F-A91E-4482-A95D-FC7BCE1A2E01','2012-10-16'),(278,'2013-02-28',418000.0000,'C7A90E1B-3B08-4B58-84F7-8F70C9092D86','2013-01-14'),(278,'2013-05-30',507000.0000,'0E252D7F-F0A3-493A-93FF-1ACA0FBFE0AD','2013-04-15'),(278,'2013-08-30',453000.0000,'F22DFA8F-2D6D-4CA1-9ABF-48D8B2B4F705','2013-07-16'),(278,'2013-11-30',280000.0000,'F30D6135-6631-406A-A396-BE71E1BD87CF','2013-10-16'),(278,'2014-03-01',390000.0000,'0696B200-1180-4150-9BDF-0EC0A83C78BF','2014-01-15'),(279,'2011-05-31',669000.0000,'C40AC76F-5027-4417-9B60-CB1210AC079A','2011-04-16'),(279,'2011-08-31',917000.0000,'982237B6-4533-4DCB-907A-9E15D45AFA59','2011-07-17'),(279,'2011-12-01',780000.0000,'20819180-2DE9-41FE-9EFB-6513453D69A0','2011-10-17'),(279,'2012-02-29',802000.0000,'B762B64B-0E51-41C9-889F-1535BF553BED','2012-01-15'),(279,'2012-05-30',734000.0000,'480C5A5B-E2AC-4C72-930B-B80E770FB14B','2012-04-15'),(279,'2012-08-30',647000.0000,'660A70A8-CE25-4CEC-8866-FB50C5377BEC','2012-07-16'),(279,'2012-11-30',571000.0000,'E7F639AC-53C3-4B66-8ECD-5F71E7CACB99','2012-10-16'),(279,'2013-02-28',572000.0000,'173AD1F3-C953-4182-8168-97190CA5F929','2013-01-14'),(279,'2013-05-30',950000.0000,'399FAA31-8935-4E8A-8AE6-9B3DEB5BF5E0','2013-04-15'),(279,'2013-08-30',675000.0000,'3BD5FB9E-0D3C-41B5-A619-CB98D6E5B7FE','2013-07-16'),(279,'2013-11-30',538000.0000,'95B4B50B-08E7-4B71-A68C-B55F9400395B','2013-10-16'),(279,'2014-03-01',686000.0000,'BB8C5BB9-475D-438B-A611-17A20F4A6B91','2014-01-15'),(280,'2011-05-31',165000.0000,'4F97C4D6-9C4C-4915-9CA4-EAB679D373F6','2011-04-16'),(280,'2011-08-31',469000.0000,'BA494EA7-5CED-4044-995C-39A69DD68B34','2011-07-17'),(280,'2011-12-01',264000.0000,'D2FE8C53-8307-4C36-9571-F5648DA24CA2','2011-10-17'),(280,'2012-02-29',301000.0000,'B9C12814-44B8-47CE-8DB8-45A7C91E360B','2012-01-15'),(280,'2012-05-30',210000.0000,'1EA57383-0BE7-46E8-BFB9-21034FABE6CC','2012-04-15'),(280,'2012-08-30',226000.0000,'876E5DD7-DE44-4497-BB38-08B1D56A9F5D','2012-07-16'),(280,'2012-11-30',190000.0000,'3E7198AA-2BF8-4050-9050-091D14F61FF1','2012-10-16'),(280,'2013-02-28',224000.0000,'ADC65C86-AFEE-4A07-80D9-F23039954C4A','2013-01-14'),(280,'2013-05-30',319000.0000,'58E9567D-5174-4A27-A95A-11DA6E6DC585','2013-04-15'),(280,'2013-08-30',450000.0000,'FCEB753B-9A73-445A-937F-BA7EC99385B4','2013-07-16'),(280,'2013-11-30',343000.0000,'A5CCD7A0-F696-489E-8D9B-73904D898DC6','2013-10-16'),(280,'2014-03-01',390000.0000,'BFF32188-2095-43B6-88FF-4CDCDD7C2F4C','2014-01-15'),(281,'2011-05-31',460000.0000,'FCEF2AF1-6183-41B3-A04F-2EAD88389267','2011-04-16'),(281,'2011-08-31',549000.0000,'AD3E7040-3F1F-485E-A716-F7D18CE09E76','2011-07-17'),(281,'2011-12-01',473000.0000,'90489216-EA7E-43B0-BE90-17F2ED47F2E2','2011-10-17'),(281,'2012-02-29',493000.0000,'23DCFB7A-4B3F-4302-B88A-989B28C9C32A','2012-01-15'),(281,'2012-05-30',1034000.0000,'61407C3A-731D-4269-9894-BFA0F447FE79','2012-04-15'),(281,'2012-08-30',813000.0000,'BFB04C57-F0F4-4422-AA9B-D2A74E67A3A8','2012-07-16'),(281,'2012-11-30',470000.0000,'49C77875-1C39-4253-8505-BD7FE53A0AE2','2012-10-16'),(281,'2013-02-28',555000.0000,'F6C65525-B30A-42B5-BE6C-EA63B6BEF320','2013-01-14'),(281,'2013-05-30',935000.0000,'CB4DE112-C5FA-4B67-8EEB-9F09569C249C','2013-04-15'),(281,'2013-08-30',684000.0000,'CFA3347D-BBF9-4F9B-8339-6FC0FD0079F4','2013-07-16'),(281,'2013-11-30',614000.0000,'070F2190-C4FB-4261-98EF-C6B5CA745DE8','2013-10-16'),(281,'2014-03-01',724000.0000,'634A330E-8683-42D4-824F-39B3F9076270','2014-01-15'),(282,'2011-05-31',525000.0000,'BDE90D55-C92E-4B0D-8E0C-72FD0EECE610','2011-04-16'),(282,'2011-08-31',767000.0000,'10C5E693-5182-4951-9F36-0BAE17B3878C','2011-07-17'),(282,'2011-12-01',583000.0000,'D3AFA546-5A53-47CA-B2AC-49A54D68C090','2011-10-17'),(282,'2012-02-29',583000.0000,'85CD56A2-F1A1-4E1D-9AB6-F415D811F3C1','2012-01-15');

-- Insertion de données dans SalesReason
INSERT INTO SalesReason 
VALUES 
	(1,'Price','Other','2008-04-30'),
	(2,'On Promotion','Promotion','2008-04-30'),
	(3,'Magazine Advertisement','Marketing','2008-04-30'),
	(4,'Television  Advertisement','Marketing','2008-04-30'),
	(5,'Manufacturer','Other','2008-04-30'),
	(6,'Review','Other','2008-04-30'),
	(7,'Demo Event','Marketing','2008-04-30'),
	(8,'Sponsorship','Marketing','2008-04-30'),
	(9,'Quality','Other','2008-04-30'),
	(10,'Other','Other','2008-04-30');

-- Insertion de données dans Person
INSERT INTO Person 
VALUES 
	(1,'EM',0,'','Ken','J','Sanchez','',0,'','','92C4279F-1207-48A3-8448-4636514EB7E2','2009-01-07'),
	(2,'EM',0,'','Terri','Lee','Duffy','',1,'','','D8763459-8AA8-47CC-AFF7-C9079AF79033','2008-01-24'),
	(3,'EM',0,'','Roberto','','Tamburello','',0,'','','E1A2555E-0828-434B-A33B-6F38136A37DE','2007-11-04'),
	(4,'EM',0,'','Rob','','Walters','',0,'','','F2D7CE06-38B3-4357-805B-F4B6B71C01FF','2007-11-28'),
	(5,'EM',0,'Ms.','Gail','A','Erickson','',0,'','','F3A3F6B4-AE3B-430C-A754-9F2231BA6FEF','2007-12-30'),
	(6,'EM',0,'Mr.','Jossef','H','Goldberg','',0,'','','0DEA28FD-EFFE-482A-AFD3-B7E8F199D56F','2013-12-16'),
	(7,'EM',0,'','Dylan','A','Miller','',2,'','','C45E8AB8-01BE-4B76-B215-820C8368181A','2009-02-01'),
	(8,'EM',0,'','Diane','L','Margheim','',0,'','','A948E590-4A56-45A9-BC9A-160A1CC9D990','2008-12-22'),
	(9,'EM',0,'','Gigi','N','Matthew','',0,'','','5FC28C0E-6D36-4252-9846-05CAA0B1F6C5','2009-01-09'),
	(10,'EM',0,'','Michael','','Raheem','',2,'','','CA2C740E-75B2-420C-9D4B-E3CBC6609604','2009-04-26'),
	(11,'EM',0,'','Ovidiu','V','Cracium','',0,'','','D2CC2577-EF6B-4408-BD8C-747337FE5645','2010-11-28'),
	(12,'EM',0,'','Thierry','B','D-Hers','',2,'','','FA263C7F-600D-4E89-8DCD-0978F3530F5F','2007-12-04'),
	(13,'EM',0,'Ms.','Janice','M','Galvin','',2,'','','34EB99E0-7042-4DC1-A2FD-BDA290FF0E07','2010-12-16'),
	(14,'EM',0,'','Michael','I','Sullivan','',2,'','','9A7501DE-5CAF-4700-AB07-CC81102BB696','2010-12-23'),
	(15,'EM',0,'','Sharon','B','Salavaria','',2,'','','BEBA63CB-13F1-4B76-A3DE-FE9AC283A94C','2011-01-11'),
	(16,'EM',0,'','David','M','Bradley','',1,'','','2CC8BA72-5DBB-497F-B941-775517993638','2007-12-13'),
	(17,'EM',0,'','Kevin','F','Brown','',2,'','','9EE4713E-B3D8-4409-BC5E-DEC62497F43A','2007-01-19'),
	(18,'EM',0,'','John','L','Wood','',2,'','','FE21BDA7-9327-4D13-89CC-8CA5CEE8F21E','2011-01-31'),
	(19,'EM',0,'','Mary','A','Dempsey','',1,'','','36F04305-6769-4E61-9143-048B2B7AFA20','2011-02-07'),
	(20,'EM',0,'','Wanida','M','Benshoof','',2,'','','1E7E56F4-A583-4E3F-A3FE-BA8A71096D10','2010-12-31'),
	(21,'EM',0,'','Terry','J','Eminhizer','',2,'','','6A288FE0-D9CB-4DA2-BEEA-51370220490C','2009-02-23'),
	(22,'EM',0,'','Sariya','E','Harnpadoungsataya','',0,'','','276E0EB5-0CE7-443F-987F-B7EF293C0930','2008-12-05'),
	(23,'EM',0,'','Mary','E','Gibson','',0,'','','B10CF8EB-5589-4A81-B1BD-051C5759CE06','2009-01-05'),
	(24,'EM',0,'Ms.','Jill','A','Williams','',0,'','','3F605060-96AD-4201-9BE2-BFE7A3C4E468','2009-01-11'),
	(25,'EM',0,'','James','R','Hamilton','',0,'','','423FE59B-7975-4A7E-B8D2-87105C286D4C','2009-01-27'),
	(26,'EM',0,'','Peter','J','Krebs','',0,'','','6F32F507-290E-4A96-A045-F445EAE4337F','2008-11-24'),
	(27,'EM',0,'','Jo','A','Brown','',0,'','','EDD8ADD6-F7FD-4086-BFDC-B4FD3E6AD8D7','2008-02-20'),
	(28,'EM',0,'','Guy','R','Gilbert','',0,'','','D366A33A-8EDE-42BD-BF79-3E7FB9713FE1','2006-06-23'),
	(29,'EM',0,'','Mark','K','McArthur','',1,'','','667FA3BA-B877-4BCC-A752-E461040E2DDD','2009-01-16'),
	(30,'EM',0,'','Britta','L','Simon','',0,'','','5090C9A8-E39E-4A4D-9133-14E7CF07998B','2009-01-22'),
	(31,'EM',0,'','Margie','W','Shoop','',2,'','','5EA8A3DA-7BEA-4ADC-85F5-C934E2033825','2008-12-28'),
	(32,'EM',0,'','Rebecca','A','Laszlo','',1,'','','686BD5AF-6F30-4633-944B-3C1916CB4CA2','2008-12-22'),
	(33,'EM',0,'','Annik','O','Stahl','',0,'','','BFA2BDC8-208A-447B-8A4E-72A215E9E134','2008-12-10'),
	(34,'EM',0,'','Suchitra','O','Mohan','',2,'','','7E239D8B-00BF-42D6-AC6B-4EA718DBC2B3','2009-02-09'),
	(35,'EM',0,'','Brandon','G','Heidepriem','',1,'','','4CC8EDC2-5502-4550-8089-9B3CC6006490','2009-02-01'),
	(36,'EM',0,'','Jose','R','Lugo','',2,'','','54655E98-B81A-4041-8FA4-9349C018521F','2009-02-03'),
	(37,'EM',0,'','Chris','O','Okelberry','',0,'','','5B16CA18-703B-48E8-AB3E-CA158C854808','2009-02-28'),
	(38,'EM',0,'','Kim','B','Abercrombie','',2,'','','9A2163B3-2F4D-4F9A-91BD-07D326140F9C','2010-01-09'),
	(39,'EM',0,'','Ed','R','Dudenhoefer','',0,'','','83C88383-9C3E-42C5-AE09-965B5F9EF5B1','2010-01-29'),
	(40,'EM',0,'','JoLynn','M','Dobney','',1,'','','E8E5C9DA-F808-4439-BF5C-B28236BB8467','2007-12-19'),
	(41,'EM',0,'','Bryan','','Baker','',0,'','','A32E8274-08DC-4596-AB1F-BA6263CBC676','2009-01-14'),
	(42,'EM',0,'','James','D','Kramer','',2,'','','F4F040E0-02A0-4905-B964-2E894D0F0B94','2008-12-20'),
	(43,'EM',0,'','Nancy','A','Anderson','',1,'','','0681C8F9-D2EC-47D9-9BD4-751B14EAED50','2008-12-26'),
	(44,'EM',0,'','Simon','D','Rapier','',0,'','','FF8EDBFC-A9A3-4C5D-8AFF-DF4D6F18DAFF','2008-12-01'),
	(45,'EM',0,'','Thomas','R','Michaels','',1,'','','2CAF9ADC-7A33-48CF-B4B7-3C57D9DE39C4','2009-02-19'),
	(46,'EM',0,'','Eugene','O','Kogan','',0,'','','FB0068EA-49D4-4E82-9895-2680CF59385E','2009-02-01'),
	(47,'EM',0,'','Andrew','R','Hill','',1,'','','B6439F4F-E57D-4293-B0C8-8919591055A3','2009-02-15'),
	(48,'EM',0,'','Ruth','Ann','Ellerbrock','',0,'','','9BE35B50-2024-4785-9393-7C7AB8D9634D','2007-12-30'),
	(49,'EM',0,'','Barry','K','Johnson','',0,'','','CB28BE2E-DE93-4409-BACE-DF6042D04815','2013-11-29'),
	(50,'EM',0,'','Sidney','M','Higa','',0,'','','A20BB9F5-3BBB-4AB6-9BFA-6AED32C30204','2008-01-26'),
	(51,'EM',0,'','Jeffrey','L','Ford','',0,'','','293DF609-2FA3-4C00-A891-ACE08661FE70','2008-02-13'),
	(52,'EM',0,'','Doris','M','Hartwig','',0,'','','075AB67F-BFBD-4433-B33E-C65B2C045B6B','2014-01-31'),
	(53,'EM',0,'','Diane','R','Glimp','',2,'','','9EA27F41-36BB-4456-A506-2B87C416FB0C','2008-03-21'),
	(54,'EM',0,'','Bonnie','N','Kearney','',0,'','','AB066D28-404A-436E-A17A-789D7F2638D3','2009-12-25'),
	(55,'EM',0,'','Taylor','R','Maxwell','',0,'','','9F81714B-0C9C-43C3-8DF5-180CB0A42D40','2013-12-31'),
	(56,'EM',0,'','Denise','H','Smith','',0,'','','77F4AC33-E165-49D7-BC6A-F3C2DC069C9B','2009-01-29'),
	(57,'EM',0,'','Frank','T','Miller','',1,'','','05516FB2-586E-43F5-A87C-5E236F8DB8AD','2009-02-16'),
	(58,'EM',0,'','Kendall','C','Keil','',2,'','','CA8D648A-166B-4D61-9AE0-A0B1FFECFB1B','2008-11-28'),
	(59,'EM',0,'','Bob','N','Hohman','',0,'','','6384295C-C932-47C0-8E97-71D94F83CD31','2008-12-17'),
	(60,'EM',0,'','Pete','C','Male','',2,'','','0AEB5713-8BB0-4B8D-BF81-777158E5FF09','2009-01-04'),
	(61,'EM',0,'','Diane','H','Tibbott','',0,'','','E054FFC1-258C-4DA4-B2C1-40E155F4C88B','2009-01-11'),
	(62,'EM',0,'','John','T','Campbell','',1,'','','F5A4CC1B-AEFA-46CA-8888-2CA1C6D4034B','2014-02-07'),
	(63,'EM',0,'','Maciej','W','Dusza','',0,'','','611D56EB-C29D-4F90-A5C6-1B3B2D44E5F8','2010-01-22'),
	(64,'EM',0,'','Michael','J','Zwilling','',1,'','','DCC5AA7B-C09A-47A5-86A2-90D88191EBE6','2010-02-16'),
	(65,'EM',0,'','Randy','T','Reeves','',0,'','','D988D8E0-C335-4F4C-9ED9-199FEB7FD4A7','2010-02-16'),
	(66,'EM',0,'','Karan','R','Khanna','',1,'','','58C97993-7491-49EE-BFDD-CD80CE2C922A','2009-12-15'),
	(67,'EM',0,'','Jay','G','Adams','',0,'','','2FE289A7-CE57-49E5-BE61-3E6580D22EA6','2009-02-26'),
	(68,'EM',0,'','Charles','B','Fitzgerald','',2,'','','1E7CD457-A854-4D68-ACFB-3D752EEBD231','2009-11-26'),
	(69,'EM',0,'','Steve','F','Masters','',1,'','','85F55758-54C4-4048-ACBE-BD9515669122','2009-02-08'),
	(70,'EM',0,'','David','J','Ortiz','',0,'','','60245B9F-EABD-48CF-9FA9-C5DD48BCB3DF','2008-12-08'),
	(71,'EM',0,'','Michael','Sean','Ray','',2,'','','CA42A0B4-C068-4C75-A8A3-DE8953760927','2009-02-08'),
	(72,'EM',0,'','Steven','T','Selikoff','',2,'','','7455FEFF-9238-4C29-819F-A4DF6508C0F8','2008-11-24'),
	(73,'EM',0,'','Carole','M','Poland','',2,'','','4EE4FAF4-9C85-4022-B07F-956F1C5595D5','2008-12-12'),
	(274,'EM',0,'','Bjorn','M','Rettig','',1,'','','056617D9-E65F-41C7-98AF-9C14C4569652','2008-12-31'),
	(275,'EM',0,'','Michiko','F','Osada','',0,'','','670CE5A5-2B86-4AD7-AEF5-DF2AAAC4A6AB','2009-01-19'),
	(276,'EM',0,'','Carol','M','Philips','',2,'','','7AC771B3-347A-49FA-9298-487B02FA359D','2009-02-05'),
	(277,'EM',0,'','Merav','A','Netz','',0,'','','F9427582-FD1B-45DE-922D-2C2C58CEA0F7','2009-02-24'),
	(278,'EM',0,'','Reuben','H','Dsa','',2,'','','AEBEAA5B-D861-4703-A959-6D0F6F4CDF74','2008-12-08'),
	(279,'EM',0,'','Eric','L','Brown','',0,'','','D0EFAF3A-04DC-442F-9AA1-926C38105241','2010-01-17'),
	(280,'EM',0,'','Sandeep','P','Kaliyath','',2,'','','7E5B79F9-5B7A-41DC-850F-23B4764B5161','2010-01-10'),
	(281,'EM',0,'','Mihail','U','Frintu','',0,'','','1062CA88-998C-472C-8BD5-9F3D4BC4D2FB','2009-12-22'),
	(282,'EM',0,'','Jack','T','Creasey','',0,'','','ED8B39AF-5DA5-405F-8C38-A6C3AC25CA1B','2010-02-24'),
	(283,'EM',0,'','Patrick','M','Cook','',0,'','','F03E1512-0DC2-4329-8F21-6C5DBB9996F3','2010-02-05'),
	(284,'EM',0,'','Frank','R','Martinez','',1,'','','B66AB99E-691C-4CAC-B62D-579816800BFA','2010-01-29'),
	(285,'EM',0,'','Brian','Richard','Goldstein','',0,'','','61CE0232-4144-48AE-BA3B-1D509505F106','2009-12-04'),
	(286,'EM',0,'','Ryan','L','Cornelsen','',2,'','','0E3F7512-87A6-4C0D-9E02-30919A75BF60','2008-12-29'),
	(287,'EM',0,'','Cristian','K','Petculescu','',1,'','','45FE0378-ED23-4D24-A5F5-11B10B402980','2008-12-15'),
	(288,'EM',0,'','Betsy','A','Stadick','',0,'','','C214AB1E-A07E-4A62-9033-19DDE0DE1937','2009-12-11'),
	(289,'EM',0,'','Patrick','C','Wedge','',0,'','','CD334AC3-EE11-4999-BBA1-7F33DE161124','2010-01-25'),
	(290,'EM',0,'','Danielle','C','Tiedt','',1,'','','852A07EE-1D24-4810-8121-365DAB884C8D','2010-02-13'),
	(91,'EM',0,'','Kimberly','B','Zimmerman','',0,'','','67647D8C-C685-4704-81B7-AE1087CC2C6D','2010-01-05'),
	(92,'EM',0,'','Tom','M','Vande Velde','',0,'','','A36DA26B-29BA-4627-9731-134D65A53143','2010-03-03'),
	(93,'EM',0,'','Kok-Ho','T','Loh','',2,'','','3E4AE757-8C3E-47CC-BC20-528CCF271E3D','2008-12-20'),
	(94,'EM',0,'','Russell','','Hunter','',1,'','','288EF549-203C-439C-A6B2-32FD822327FF','2008-12-05'),
	(95,'EM',0,'','Jim','H','Scardelis','',2,'','','A45F89BB-9748-41F8-9FAA-A5D76DF4B029','2008-12-12'),
	(96,'EM',0,'','Elizabeth','I','Keyser','',0,'','','CB9A2A0C-68E5-475B-9D6D-EBD548FE5B9C','2009-02-23'),
	(97,'EM',0,'','Mandar','H','Samant','',0,'','','907AE318-9FF7-4B56-B52B-5FDCA7BF8A62','2009-02-03'),
	(98,'EM',0,'','Sameer','A','Tejani','',0,'','','F19BE575-4A2E-413D-9BE9-0AF4B75C6FCD','2009-02-04'),
	(99,'EM',0,'','Nuan','','Yu','',0,'','','938FCD64-E06D-453C-9E70-BFE41753557B','2008-12-30'),
	(100,'EM',0,'','Lolan','B','Song','',1,'','','DCD41870-A67B-4D7F-B874-92C6854E1D0D','2009-01-05');

-- Insertion de données dans PhoneNumberType
INSERT INTO PhoneNumberType 
VALUES 
	(1,'Cell','2017-12-13 13:19:22'),
	(2,'Home','2017-12-13 13:19:22'),
	(3,'Work','2017-12-13 13:19:22');

-- Insertion de données dans PersonPhone
INSERT INTO PersonPhone 
VALUES 
(1,'697-555-0142',1,'2009-01-07'),(2,'819-555-0175',3,'2008-01-24'),(3,'212-555-0187',1,'2007-11-04'),(4,'612-555-0100',1,'2007-11-28'),(5,'849-555-0139',1,'2007-12-30'),(6,'122-555-0189',3,'2013-12-16'),(7,'181-555-0156',3,'2009-02-01'),(8,'815-555-0138',1,'2008-12-22'),(9,'185-555-0186',1,'2009-01-09'),(10,'330-555-2568',3,'2009-04-26'),(11,'719-555-0181',1,'2010-11-28'),(12,'168-555-0183',3,'2007-12-04'),(13,'473-555-0117',3,'2010-12-16'),(14,'465-555-0156',1,'2010-12-23'),(15,'970-555-0138',1,'2011-01-11'),(16,'913-555-0172',3,'2007-12-13'),(17,'150-555-0189',1,'2007-01-19'),(18,'486-555-0150',3,'2011-01-31'),(19,'124-555-0114',1,'2011-02-07'),(20,'708-555-0141',3,'2010-12-31'),(21,'138-555-0118',1,'2009-02-23'),(22,'399-555-0176',3,'2008-12-05'),(23,'531-555-0183',3,'2009-01-05'),(24,'510-555-0121',3,'2009-01-11'),(25,'870-555-0122',3,'2009-01-27'),(26,'913-555-0196',3,'2008-11-24'),(27,'632-555-0129',1,'2008-02-20'),(28,'320-555-0195',3,'2006-06-23'),(29,'417-555-0154',3,'2009-01-16'),(30,'955-555-0169',1,'2009-01-22'),(31,'818-555-0128',1,'2008-12-28'),(32,'314-555-0113',1,'2008-12-22'),(33,'499-555-0125',3,'2008-12-10'),(34,'753-555-0129',1,'2009-02-09'),(35,'429-555-0137',1,'2009-02-01'),(36,'587-555-0115',1,'2009-02-03'),(37,'315-555-0144',1,'2009-02-28'),(38,'208-555-0114',1,'2010-01-09'),(39,'919-555-0140',3,'2010-01-29'),(40,'903-555-0145',3,'2007-12-19'),(41,'712-555-0113',1,'2009-01-14'),(42,'119-555-0117',1,'2008-12-20'),(43,'970-555-0118',1,'2008-12-26'),(44,'963-555-0134',3,'2008-12-01'),(45,'278-555-0118',1,'2009-02-19'),(46,'173-555-0179',1,'2009-02-01'),(47,'908-555-0159',1,'2009-02-15'),(48,'145-555-0130',1,'2007-12-30'),(49,'206-555-0180',3,'2013-11-29'),(50,'424-555-0189',3,'2008-01-26'),(51,'984-555-0185',3,'2008-02-13'),(52,'328-555-0150',1,'2014-01-31'),(53,'202-555-0151',1,'2008-03-21'),(54,'264-555-0150',3,'2009-12-25'),(55,'508-555-0165',3,'2013-12-31'),(56,'869-555-0119',1,'2009-01-29'),(57,'167-555-0139',3,'2009-02-16'),(58,'138-555-0128',3,'2008-11-28'),(59,'611-555-0116',3,'2008-12-17'),(60,'768-555-0123',1,'2009-01-04'),(61,'361-555-0180',3,'2009-01-11'),(62,'435-555-0113',3,'2014-02-07'),(63,'237-555-0128',1,'2010-01-22'),(64,'582-555-0148',1,'2010-02-16'),(65,'961-555-0122',1,'2010-02-16'),(66,'447-555-0186',3,'2009-12-15'),(67,'407-555-0165',3,'2009-02-26'),(68,'931-555-0118',3,'2009-11-26'),(69,'712-555-0170',3,'2009-02-08'),(70,'712-555-0119',3,'2008-12-08'),(71,'156-555-0199',1,'2009-02-08'),(72,'925-555-0114',3,'2008-11-24'),(73,'688-555-0192',1,'2008-12-12'),(274,'199-555-0117',3,'2008-12-31'),(275,'984-555-0148',3,'2009-01-19'),(276,'609-555-0153',1,'2009-02-05'),(277,'224-555-0187',3,'2009-02-24'),(278,'191-555-0112',3,'2008-12-08'),(279,'680-555-0118',1,'2010-01-17'),(280,'166-555-0156',3,'2010-01-10'),(281,'733-555-0128',3,'2009-12-22'),(282,'521-555-0113',1,'2010-02-24'),(283,'425-555-0117',1,'2010-02-05'),(284,'203-555-0196',3,'2010-01-29'),(285,'730-555-0117',1,'2009-12-04'),(286,'208-555-0114',3,'2008-12-29'),(287,'434-555-0133',1,'2008-12-15'),(288,'405-555-0171',1,'2009-12-11'),(289,'413-555-0124',1,'2010-01-25'),(290,'500-555-0172',1,'2010-02-13'),(91,'123-555-0167',3,'2010-01-05'),(92,'295-555-0161',3,'2010-03-03'),(93,'999-555-0155',3,'2008-12-20'),(94,'786-555-0144',3,'2008-12-05'),(95,'679-555-0113',3,'2008-12-12'),(96,'318-555-0137',1,'2009-02-23'),(97,'140-555-0132',3,'2009-02-03'),(98,'990-555-0172',1,'2009-02-04'),(99,'913-555-0184',1,'2008-12-30'),(100,'582-555-0178',1,'2009-01-05');

-- Insertion de données dans EmailAddress
INSERT INTO EmailAddress 
VALUES 
	(1,1,'ken0@adventure-works.com','8A1901E4-671B-431A-871C-EADB2942E9EE','2009-01-07'),
	(2,2,'terri0@adventure-works.com','B5FF9EFD-72A2-4F87-830B-F338FDD4D162','2008-01-24'),
	(3,3,'roberto0@adventure-works.com','C8A51084-1C03-4C58-A8B3-55854AE7C499','2007-11-04'),
	(4,4,'rob0@adventure-works.com','17703ED1-0031-4B4A-AFD2-77487A556B3B','2007-11-28'),
	(5,5,'gail0@adventure-works.com','E76D2EA3-08E5-409C-BBE2-5DD1CDF89A3B','2007-12-30'),
	(6,6,'jossef0@adventure-works.com','A9C4093A-4F4A-4CAD-BBB4-2C4E920BACCB','2013-12-16'),
	(7,7,'dylan0@adventure-works.com','70429DE4-C3BF-4F19-A00A-E976C8017FB3','2009-02-01'),
	(8,8,'diane1@adventure-works.com','37F02A87-058D-49F8-A20D-965738B0A71F','2008-12-22'),
	(9,9,'gigi0@adventure-works.com','F888A16D-0C33-459E-9D72-D16AE0BB1F43','2009-01-09'),
	(10,10,'michael6@adventure-works.com','E0DD366D-433D-4F5A-9347-1A5FE7FBE0A3','2009-04-26'),
	(11,11,'ovidiu0@adventure-works.com','0FF9523D-F398-4237-85F8-2834DE441692','2010-11-28'),
	(12,12,'thierry0@adventure-works.com','B2962849-CC5F-4E57-BCB4-019642BBD8ED','2007-12-04'),
	(13,13,'janice0@adventure-works.com','64871268-3812-402F-8A91-C618B6515B06','2010-12-16'),
	(14,14,'michael8@adventure-works.com','BEA9075C-1BED-4E5E-8234-F5641FAF814C','2010-12-23'),
	(15,15,'sharon0@adventure-works.com','5CD782BA-F5AB-41EC-B206-09B06F52C96B','2011-01-11'),
	(16,16,'david0@adventure-works.com','80C0D44A-78B6-42AC-AE8D-410A22A6BE63','2007-12-13'),
	(17,17,'kevin0@adventure-works.com','F4332215-C861-4A54-99F5-B0C4F6406515','2007-01-19'),
	(18,18,'john5@adventure-works.com','A944FC67-F16E-4AB8-8940-8CEFF186BED3','2011-01-31'),
	(19,19,'mary2@adventure-works.com','626CB0E6-D6A9-4A73-8227-ACB02DBC5214','2011-02-07'),
	(20,20,'wanida0@adventure-works.com','924A0FC3-F9E4-4100-8C82-1C69AAE4501F','2010-12-31'),
	(21,21,'terry0@adventure-works.com','001ADA12-A5D4-44E7-97EF-610888C011C5','2009-02-23'),
	(22,22,'sariya0@adventure-works.com','BA309CB3-C089-4BD8-A9CA-AAC0CE2B7BBF','2008-12-05'),
	(23,23,'mary0@adventure-works.com','4E589721-922B-4A26-A138-B9D5A1813EC7','2009-01-05'),
	(24,24,'jill0@adventure-works.com','76C0AD95-1552-4867-A95F-7460EF3F3EEE','2009-01-11'),
	(25,25,'james1@adventure-works.com','2FB4A156-A73C-4FB6-ADEE-D36BC1435C87','2009-01-27'),
	(26,26,'peter0@adventure-works.com','2153CB40-E8B1-43C3-9791-6BFF91E75D77','2008-11-24'),
	(27,27,'jo0@adventure-works.com','98259561-ECCB-4257-9CF3-C4ED5E3356FC','2008-02-20'),
	(28,28,'guy1@adventure-works.com','0D4F335B-6F4C-4612-942A-8BCCAF1BDA8D','2006-06-23'),
	(29,29,'mark1@adventure-works.com','9C9D2AC4-BBFD-47F6-95AA-6DFF49538E08','2009-01-16'),
	(30,30,'britta0@adventure-works.com','1F515A06-5240-4271-AD27-825DFDFA189A','2009-01-22'),
	(31,31,'margie0@adventure-works.com','52DCDDF9-B9FD-4A8F-B23C-FC0B6E75380A','2008-12-28'),
	(32,32,'rebecca0@adventure-works.com','AFBA85F1-8107-40E5-82DB-98D0678D6F15','2008-12-22'),
	(33,33,'annik0@adventure-works.com','9B34B7EE-E461-4F34-ABC9-40CA59E7B8FD','2008-12-10'),
	(34,34,'suchitra0@adventure-works.com','2A0B297F-6225-4B5A-AD4E-278F023CF864','2009-02-09'),
	(35,35,'brandon0@adventure-works.com','87B16476-B184-4CB2-9F75-AF0606855B25','2009-02-01'),
	(36,36,'jose0@adventure-works.com','7CB0078C-CAAA-44BD-B788-0F04DF52AA9F','2009-02-03'),
	(37,37,'chris2@adventure-works.com','5B3E99AC-A9ED-40D7-A206-E99210C957D0','2009-02-28'),
	(38,38,'kim1@adventure-works.com','9730C7EB-AB57-4785-9D8E-C90C49F3C6DE','2010-01-09'),
	(39,39,'ed0@adventure-works.com','2AA0689B-EB49-4783-B7DA-66B96C569854','2010-01-29'),
	(40,40,'jolynn0@adventure-works.com','A7150AC4-A013-4A90-ABDF-084A527CA233','2007-12-19'),
	(41,41,'bryan0@adventure-works.com','CF270087-0505-45FB-975C-1AB089678604','2009-01-14'),
	(42,42,'james0@adventure-works.com','C051B91D-2363-4DCA-B09F-305C4F93412E','2008-12-20'),
	(43,43,'nancy0@adventure-works.com','52C2CDCF-949E-4B7B-BDE9-159ED85E6654','2008-12-26'),
	(44,44,'simon0@adventure-works.com','6AC896ED-318C-4C8B-A5AB-D4E8D036B3E7','2008-12-01'),
	(45,45,'thomas0@adventure-works.com','B95150F5-E806-44C2-9369-270378FA6B03','2009-02-19'),
	(46,46,'eugene1@adventure-works.com','1C2AF5C7-56E5-440F-9FB0-1972EC1CCF1F','2009-02-01'),
	(47,47,'andrew0@adventure-works.com','BC270013-80B6-4067-B60B-4BEEFC2D7739','2009-02-15'),
	(48,48,'ruth0@adventure-works.com','3360C26C-7B6E-4B0A-A688-DBEFEB209CDB','2007-12-30'),
	(49,49,'barry0@adventure-works.com','324C8DCE-06FA-47B9-B7C7-D35590B9A196','2013-11-29'),
	(50,50,'sidney0@adventure-works.com','953FBA2B-5004-4879-ADB8-C6B08F17FA0C','2008-01-26'),
	(51,51,'jeffrey0@adventure-works.com','9B83DF43-8B73-46ED-B821-77000D84BEC1','2008-02-13'),
	(52,52,'doris0@adventure-works.com','01DC29C7-BF48-4F15-A5FA-C3EA72EC94F0','2014-01-31'),
	(53,53,'diane0@adventure-works.com','FAED4878-4CF5-4555-B670-B2B09B6A188A','2008-03-21'),
	(54,54,'bonnie0@adventure-works.com','C6AEB77C-8DFE-4776-985C-E34138643612','2009-12-25'),
	(55,55,'taylor0@adventure-works.com','F407CF1E-B04D-416D-BC69-1AC6E5C24C99','2013-12-31'),
	(56,56,'denise0@adventure-works.com','58F29B04-00B3-44E1-AC87-9AC960FFDA12','2009-01-29'),
	(57,57,'frank1@adventure-works.com','4FEF2A65-2DD3-4107-9785-870DE1727EBC','2009-02-16'),
	(58,58,'kendall0@adventure-works.com','E370F4B0-B1F5-4595-8DA1-5D88B4948341','2008-11-28'),
	(59,59,'bob0@adventure-works.com','2CC9EE3A-8C99-49E1-9033-F850CF668EFA','2008-12-17'),
	(60,60,'pete0@adventure-works.com','55E3E46B-7205-4C7E-882E-63AA895310CC','2009-01-04'),
	(61,61,'diane2@adventure-works.com','B3B18577-A565-47C6-B149-CD2AAE6BD3F0','2009-01-11'),
	(62,62,'john0@adventure-works.com','0F968A24-5E70-4A47-9961-091E31A57849','2014-02-07'),
	(63,63,'maciej0@adventure-works.com','EB76A53A-8095-4A99-89D6-03923CA6EA0E','2010-01-22'),
	(64,64,'michael7@adventure-works.com','77E65F84-6EE8-420A-B072-E13D87C85A45','2010-02-16'),
	(65,65,'randy0@adventure-works.com','B174F86B-CBA7-4B5D-AA83-8A075EE1FDB4','2010-02-16'),
	(66,66,'karan0@adventure-works.com','13A1D31A-8C76-419E-81D5-0B479A2F3AD9','2009-12-15'),
	(67,67,'jay0@adventure-works.com','47E5526E-FE7F-4D11-AED7-14AB5307B97F','2009-02-26'),
	(68,68,'charles0@adventure-works.com','D40BFDBF-6D54-4F67-ACA8-055E8498B995','2009-11-26'),
	(69,69,'steve0@adventure-works.com','BC1283A1-A7FC-4DB2-8344-7F15C000F63F','2009-02-08'),
	(70,70,'david2@adventure-works.com','D62C5B4E-C91F-403F-B630-7B7E0FDA70CE','2008-12-08'),
	(71,71,'michael3@adventure-works.com','3F21EB3B-81AB-46F3-AAE2-A8D5C5EB6A6D','2009-02-08'),
	(72,72,'steven0@adventure-works.com','9D1C4B98-72B0-4E17-8214-2CD2C72F86E9','2008-11-24'),
	(73,73,'carole0@adventure-works.com','703CD060-E4FF-42F4-8F82-41131CCB346E','2008-12-12'),
	(274,274,'bjorn0@adventure-works.com','7ED83953-FA8E-497A-98D6-6B3684BEC822','2008-12-31'),
	(275,275,'michiko0@adventure-works.com','0798AD10-1E34-405A-A440-615634B76E24','2009-01-19'),
	(276,276,'carol0@adventure-works.com','140A9C46-2A64-43FC-ACF2-A76ED2805266','2009-02-05'),
	(277,277,'merav0@adventure-works.com','0A4F7C43-3FED-43FE-947C-69E9FCB0629A','2009-02-24'),
	(278,278,'reuben0@adventure-works.com','D0FC506C-3332-4486-A6B7-4FD20E21245F','2008-12-08'),
	(279,279,'eric1@adventure-works.com','DC243863-A00C-448C-B90F-509DFBE76F12','2010-01-17'),
	(280,280,'sandeep0@adventure-works.com','C7ADB778-4A93-493D-ADAD-FAAF3967A5BA','2010-01-10'),
	(281,281,'mihail0@adventure-works.com','E07A7278-4697-4B4A-A9E0-CAC2583143DE','2009-12-22'),
	(282,282,'jack1@adventure-works.com','5AE3538E-A9A4-49C9-8488-2314F289B6CB','2010-02-24'),
	(283,283,'patrick1@adventure-works.com','621D39FE-5EEA-4840-8131-31375E061E94','2010-02-05'),
	(284,284,'frank3@adventure-works.com','A53C239F-BC9F-447F-A719-59B59A6F482A','2010-01-29'),
	(285,285,'brian2@adventure-works.com','78586E93-83A6-44BB-8F5D-4187F702C040','2009-12-04'),
	(286,286,'ryan0@adventure-works.com','B8A67E8B-15D5-4A9F-8C27-30D86779CEC1','2008-12-29'),
	(287,287,'cristian0@adventure-works.com','2FFF23E9-73FE-48F0-A7ED-168F48B4941F','2008-12-15'),
	(288,288,'betsy0@adventure-works.com','079E435B-5A3A-43A0-B598-9D0D21D8FA4F','2009-12-11'),
	(289,289,'patrick0@adventure-works.com','77B0ABC5-529E-4ABD-89E3-28CBB8761741','2010-01-25'),
	(290,290,'danielle0@adventure-works.com','3B8219C2-8893-4881-AA3C-4D0A752FC4EA','2010-02-13'),
	(91,91,'kimberly0@adventure-works.com','23275F93-2E6C-487F-9FC1-617F8239D050','2010-01-05'),
	(92,92,'tom0@adventure-works.com','E093B00C-F87F-4B93-AF2F-ECD6C9F63B85','2010-03-03'),
	(93,93,'kok-ho0@adventure-works.com','4232D44C-B42C-498E-840F-F2AE44B50F16','2008-12-20'),
	(94,94,'russell0@adventure-works.com','2D083A33-FEDE-4472-9C96-5766E9783351','2008-12-05'),
	(95,95,'jim0@adventure-works.com','933B5FE3-CC08-48FF-AB0F-A812FC642D0B','2008-12-12'),
	(96,96,'elizabeth0@adventure-works.com','DE385467-19F1-41B1-9165-E05E462FBC80','2009-02-23'),
	(97,97,'mandar0@adventure-works.com','1A9E785F-EBCF-454D-B249-2A88F858A2D0','2009-02-03'),
	(98,98,'sameer0@adventure-works.com','DFCC751C-451C-4498-819B-A4692527B0A2','2009-02-04'),
	(99,99,'nuan0@adventure-works.com','12A30695-A604-4312-B65E-19A67FB3FB73','2008-12-30'),
	(100,100,'lolan0@adventure-works.com','4EBF0B6C-141E-4725-B6E7-04D4FB305B80','2009-01-05');

-- Insertion de données dans CountryRegion
INSERT INTO CountryRegion 
VALUES 
	('AD','Andorra','2008-04-30'),('AE','United Arab Emirates','2008-04-30'),
	('AF','Afghanistan','2008-04-30'),('AG','Antigua and Barbuda','2008-04-30'),
	('AI','Anguilla','2008-04-30'),('AL','Albania','2008-04-30'),
	('AM','Armenia','2008-04-30'),('AN','Netherlands Antilles','2008-04-30'),
	('AO','Angola','2008-04-30'),('AQ','Antarctica','2008-04-30'),
	('AR','Argentina','2008-04-30'),('AS','American Samoa','2008-04-30'),
	('AT','Austria','2008-04-30'),('AU','Australia','2008-04-30'),
	('AW','Aruba','2008-04-30'),('AZ','Azerbaijan','2008-04-30'),
	('BA','Bosnia and Herzegovina','2008-04-30'),('BB','Barbados','2008-04-30'),
	('BD','Bangladesh','2008-04-30'),('BE','Belgium','2008-04-30'),
	('BF','Burkina Faso','2008-04-30'),('BG','Bulgaria','2008-04-30'),
	('BH','Bahrain','2008-04-30'),('BI','Burundi','2008-04-30'),
	('BJ','Benin','2008-04-30'),('BM','Bermuda','2008-04-30'),
	('BN','Brunei','2008-04-30'),('BO','Bolivia','2008-04-30'),
	('BR','Brazil','2008-04-30'),('BS','Bahamas, The','2008-04-30'),
	('BT','Bhutan','2008-04-30'),('BV','Bouvet Island','2008-04-30'),
	('BW','Botswana','2008-04-30'),('BY','Belarus','2008-04-30'),
	('BZ','Belize','2008-04-30'),('CA','Canada','2008-04-30'),
	('CC','Cocos (Keeling) Islands','2008-04-30'),('CD','Congo (DRC)','2008-04-30'),
	('CF','Central African Republic','2008-04-30'),('CG','Congo','2008-04-30'),
	('CH','Switzerland','2008-04-30'),('CI','Ivoiry Cost','2008-04-30'),
	('CK','Cook Islands','2008-04-30'),('CL','Chile','2008-04-30'),
	('CM','Cameroon','2008-04-30'),('CN','China','2008-04-30'),
	('CO','Colombia','2008-04-30'),('CR','Costa Rica','2008-04-30'),
	('CS','Serbia and Montenegro','2008-04-30'),('CU','Cuba','2008-04-30'),
	('CV','Cape Verde','2008-04-30'),('CX','Christmas Island','2008-04-30'),
	('CY','Cyprus','2008-04-30'),('CZ','Czech Republic','2008-04-30'),
	('DE','Germany','2008-04-30'),('DJ','Djibouti','2008-04-30'),
	('DK','Denmark','2008-04-30'),('DM','Dominica','2008-04-30'),
	('DO','Dominican Republic','2008-04-30'),('DZ','Algeria','2008-04-30'),
	('EC','Ecuador','2008-04-30'),('EE','Estonia','2008-04-30'),
	('EG','Egypt','2008-04-30'),('ER','Eritrea','2008-04-30'),
	('ES','Spain','2008-04-30'),('ET','Ethiopia','2008-04-30'),
	('FI','Finland','2008-04-30'),('FJ','Fiji Islands','2008-04-30'),
	('FK','Falkland Islands (Islas Malvinas)','2008-04-30'),
	('FM','Micronesia','2008-04-30'),('FO','Faroe Islands','2008-04-30'),
	('FR','France','2008-04-30'),('GA','Gabon','2008-04-30'),
	('GB','United Kingdom','2008-04-30'),('GD','Grenada','2008-04-30'),
	('GE','Georgia','2008-04-30'),('GF','French Guiana','2008-04-30'),
	('GH','Ghana','2008-04-30'),('GI','Gibraltar','2008-04-30'),
	('GL','Greenland','2008-04-30'),('GM','Gambia, The','2008-04-30'),
	('GN','Guinea','2008-04-30'),('GP','Guadeloupe','2008-04-30'),
	('GQ','Equatorial Guinea','2008-04-30'),('GR','Greece','2008-04-30'),
	('GS','South Georgia and the South Sandwich Islands','2008-04-30'),
	('GT','Guatemala','2008-04-30'),('GU','Guam','2008-04-30'),
	('GW','Guinea-Bissau','2008-04-30'),('GY','Guyana','2008-04-30'),
	('HK','Hong Kong SAR','2008-04-30'),('HM','Heard Island and McDonald Islands','2008-04-30'),
	('HN','Honduras','2008-04-30'),('HR','Croatia','2008-04-30'),
	('HT','Haiti','2008-04-30'),('HU','Hungary','2008-04-30'),
	('ID','Indonesia','2008-04-30'),('IE','Ireland','2008-04-30'),
	('IL','Israel','2008-04-30'),('IN','India','2008-04-30');

-- Insertion de données dans BusinessEntity
INSERT INTO BusinessEntity 
VALUES 
	(1,'0C7D8F81-D7B1-4CF0-9C0A-4CD8B6B50087','2017-12-13 13:20:24'),
	(2,'6648747F-7843-4002-B317-65389684C398','2017-12-13 13:20:24'),
	(3,'568204DA-93D7-42F4-8A7A-4446A144277D','2017-12-13 13:20:24'),
	(4,'0EFF57B9-4F4F-41A6-8867-658C199A5FC0','2017-12-13 13:20:24'),
	(5,'B82F88D1-FF79-4FD9-8C54-9D24C140F647','2017-12-13 13:20:24'),
	(6,'1B3D077A-1941-4D6E-8328-F7DC03595565','2017-12-13 13:20:24'),
	(7,'C1898370-A36F-43A2-987C-0BF24FE3FB82','2017-12-13 13:20:24'),
	(8,'2B50ABB8-ABAB-412B-A4D0-4FD5EBEB5CBE','2017-12-13 13:20:24'),
	(9,'5C0AB449-A087-4D8D-834F-3726061B6BFA','2017-12-13 13:20:24'),
	(10,'0F3CC1D7-F484-4BDE-B088-B11EF03E2F52','2017-12-13 13:20:24'),
	(11,'A417A3D1-00EB-4D7F-B793-F93DC2C5391D','2017-12-13 13:20:24'),
	(12,'EBD8A50F-322E-4426-A39A-566FD5535B1C','2017-12-13 13:20:24'),
	(13,'1D61C426-FF79-4E23-9EA5-9610CB063F3B','2017-12-13 13:20:24'),
	(14,'C596EC29-BA16-441B-A5EC-7FED4C8344C4','2017-12-13 13:20:25'),
	(15,'955E421A-0AEB-4D8F-AE74-88EFFB82E41A','2017-12-13 13:20:25'),
	(16,'BC224F3F-1776-450E-991A-B2F2FB10F39A','2017-12-13 13:20:25'),
	(17,'A51C9689-FA2B-4162-8CAD-B2500471221A','2017-12-13 13:20:25'),
	(18,'301054EA-0FDC-47D4-BBD1-8DBEB189EAD7','2017-12-13 13:20:25'),
	(19,'5958EDCA-352F-44F4-A8F2-3BF8AFF699DF','2017-12-13 13:20:25'),
	(20,'85A4CF13-3DAD-496B-B1F7-27B990EF7EB8','2017-12-13 13:20:25'),
	(21,'11E4F0C7-D6B7-41BB-BAED-8AD7D052E378','2017-12-13 13:20:25'),
	(22,'F99503C8-3F5B-4D90-94E7-A14BD304A5B4','2017-12-13 13:20:25'),
	(23,'A1A1E909-83A7-40F4-98F5-5B0B2CA778CB','2017-12-13 13:20:25'),
	(24,'20CD83C8-A8E0-4800-B735-76D034EC114F','2017-12-13 13:20:25'),
	(25,'97447E48-4812-4737-88F7-A00CF1AD495C','2017-12-13 13:20:25'),
	(26,'6735DBDD-8E9D-425A-93D1-522EC1788737','2017-12-13 13:20:25'),
	(27,'F44EB89F-486E-4652-A963-46134500FB55','2017-12-13 13:20:25'),
	(28,'BE7F33EF-371F-47DA-9833-37FAF98F8AF8','2017-12-13 13:20:25'),
	(29,'225F6245-9FB9-44B0-B705-AAC0EDC677FE','2017-12-13 13:20:25'),(30,'CD9FFE86-8CA4-4A36-91FC-1F61A955E435','2017-12-13 13:20:26'),(31,'20F761BB-5323-4714-ABCE-DB82428A6F5E','2017-12-13 13:20:26'),(32,'4C235F6C-275B-4DE5-860E-98807873236D','2017-12-13 13:20:26'),(33,'888C9433-02F1-4758-ACA8-EE544D2A2309','2017-12-13 13:20:26'),(34,'849337D0-1D6B-4327-83EF-6700F2D20EC9','2017-12-13 13:20:26'),(35,'7A6037EB-AEFE-4D05-B925-D022A158A5E4','2017-12-13 13:20:26'),(36,'2F51BEB8-5842-4992-B730-E1EE8E8A498F','2017-12-13 13:20:26'),(37,'5E98E090-73E3-4289-9265-99DBBDADD025','2017-12-13 13:20:26'),(38,'5AD7C51D-06FC-46EB-A9A1-14A4E1719D0A','2017-12-13 13:20:26'),(39,'3FF6A2C4-2113-4BE5-8E8C-E970E1668065','2017-12-13 13:20:26'),(40,'7E972571-E349-4CEF-9325-52CC339DF648','2017-12-13 13:20:26'),(41,'D390F5C4-63DC-4059-9302-03EEA1CD3CBD','2017-12-13 13:20:26'),(42,'A03E96BD-1C42-419C-AF4E-2E4E85E6D146','2017-12-13 13:20:26'),(43,'0A6C0DB2-E0E3-47C8-A931-E0AA55310F7F','2017-12-13 13:20:26'),(44,'D970409B-1269-4B42-BD97-863258BFC07E','2017-12-13 13:20:26'),(45,'7E20705F-E152-48E1-8FBF-9A1F99E4D804','2017-12-13 13:20:26'),(46,'D840817E-09D3-40FB-A5FC-1654474B7591','2017-12-13 13:20:26'),(47,'02804145-145F-495B-9A72-0078AAC9A85F','2017-12-13 13:20:26'),(48,'D849CC85-3507-4C0C-932D-D94CE7CCAC01','2017-12-13 13:20:26'),(49,'607FF863-F3BC-42BB-B399-B438F6D39651','2017-12-13 13:20:26'),(50,'81016571-BD2C-4F76-900C-2092765710BF','2017-12-13 13:20:26'),(51,'CD7E8A48-D000-450B-9E08-E0FEF8048A13','2017-12-13 13:20:26'),(52,'C1B94F32-B42C-4FE7-A0FB-F0C6D4755A19','2017-12-13 13:20:27'),(53,'6D49529F-50CE-497E-9757-88A1AAEA798C','2017-12-13 13:20:27'),(54,'85B16356-0235-4696-A543-C750AC3509E8','2017-12-13 13:20:27'),(55,'395D317A-E79F-46D3-8ACD-60BD400D4898','2017-12-13 13:20:27'),(56,'129EF710-7FB3-4AE8-9868-8CB56B0B662F','2017-12-13 13:20:27'),(57,'032E14E3-2041-4908-A062-0171BAF4D416','2017-12-13 13:20:27'),(58,'2A22FD03-E6BB-4D26-ABC7-FFFAB1EDA00A','2017-12-13 13:20:27'),(59,'A4E68611-2AE6-439A-BABA-E98032C9A519','2017-12-13 13:20:27'),(60,'46AD6F6A-1E17-484D-9D2B-639CBEEA54E6','2017-12-13 13:20:27'),(61,'1396CB17-0C49-46E3-A020-C3C5B43C11AA','2017-12-13 13:20:27'),(62,'D0715E80-D94B-404C-9017-CB52AD0D591C','2017-12-13 13:20:27'),(63,'81D9CE2A-C65B-4A8B-9315-C615215B183F','2017-12-13 13:20:27'),(64,'76045384-B83D-4CE3-AE90-007AD719BB7B','2017-12-13 13:20:27'),(65,'CB1F3AAC-C459-49FF-BD3A-613831F6B686','2017-12-13 13:20:27'),(66,'3B868739-F601-4B67-AE5D-C3FAAE265378','2017-12-13 13:20:27'),(67,'74FC4C0A-EC69-4D67-A254-CD487FD48818','2017-12-13 13:20:27'),(68,'A4622872-2E18-4CF5-83E4-E3F8A1A6FE14','2017-12-13 13:20:27'),(69,'A1D87D9A-EF39-4288-8072-DFE7E26F12CD','2017-12-13 13:20:27'),(70,'A8D72A5F-E153-4B01-8744-745858D4FDFA','2017-12-13 13:20:27'),(71,'4C998900-1A8F-4420-9B7C-B01F3DE74AC1','2017-12-13 13:20:27'),(72,'DF253C20-F23A-4A8A-90B0-7B3A73E7718F','2017-12-13 13:20:27'),(73,'BE19EFB4-A4A3-44D4-87D1-9D142DCD98A2','2017-12-13 13:20:27'),(274,'ED91ED2B-D1BC-4306-B527-5350925D5C35','2017-12-13 13:20:28'),(275,'B4C18FD0-6A48-469F-9B3F-8998F96FD042','2017-12-13 13:20:28'),(276,'1C857FA7-B649-4EDB-B3C2-6A00CD0AA513','2017-12-13 13:20:28'),(277,'AE5919A9-1223-4BA0-8EDC-1D74B9EF8ED6','2017-12-13 13:20:28'),(278,'9AFF307D-977C-4E0C-A251-8B18AA5C5DDE','2017-12-13 13:20:28'),(279,'AEA66160-A027-4A9D-BA33-03A5B9811984','2017-12-13 13:20:28'),(280,'2B26690D-69B2-4E74-9E09-3AF38FA3F2B5','2017-12-13 13:20:28'),(281,'5A37FEC1-E99A-4567-A81B-DFC56822CF30','2017-12-13 13:20:28'),(282,'8016D7E5-6D5A-4D40-B737-6043EDA2CB0D','2017-12-13 13:20:28'),(283,'F4F2785E-35F8-4AAC-9FBF-4BE04A1E4699','2017-12-13 13:20:28'),(284,'CA809E5C-6ED2-4915-AB53-C97A1FEDF036','2017-12-13 13:20:28'),(285,'A0ADA6A3-37A3-4EB8-9947-A2694FC41A66','2017-12-13 13:20:28'),(286,'DBE8F59B-9406-42DA-AFB5-765051CEF944','2017-12-13 13:20:28'),(287,'FAD9DEA3-D505-42B6-8DC3-C0B06EBEA73E','2017-12-13 13:20:28'),(288,'C762032B-DD98-4A78-8E53-B0736B294BAF','2017-12-13 13:20:28'),(289,'CBBE652C-5A29-4E36-9DDF-FF0859036C61','2017-12-13 13:20:28'),(290,'4FEB5D3F-C390-4FE4-AF6F-0E367A8B439E','2017-12-13 13:20:28'),(91,'05A1377D-E60F-4F76-8F0A-60AB36504E57','2017-12-13 13:20:28'),(92,'478CD17A-BDAB-45B5-908F-DE28A9A1252C','2017-12-13 13:20:28'),(93,'B99CD287-49D4-4FE2-A95C-5F43348054FE','2017-12-13 13:20:28'),(94,'05211184-E660-4F39-92E0-76ACB6E861FE','2017-12-13 13:20:28'),(95,'11A8DAB1-2A12-43FA-862B-65CC0A0289BB','2017-12-13 13:20:28'),(96,'7FA5877D-34CE-4177-9225-1EDB7B9EB1B3','2017-12-13 13:20:29'),(97,'E554AFA0-CAA9-4911-A8A8-718AE64E47C9','2017-12-13 13:20:29'),(98,'724B11BA-4763-4962-9753-C83C3CDB1B54','2017-12-13 13:20:29'),(99,'94CF606F-FDA5-4A3F-BC22-D84D8404ABEE','2017-12-13 13:20:29'),(100,'B0828B9D-2F74-467E-8439-E512F1EA9D7B','2017-12-13 13:20:29');

-- Insertion de données dans Address
INSERT INTO Address 
VALUES 
	(1,'1970 Napa Ct.','','Bothell',79,'98011','E6100000010CAE8BFC28BCE4474067A89189898A5EC0','9AADCB0D-36CF-483F-84D8-585C2D4EC6E9','2007-12-04'),
	(2,'9833 Mt. Dias Blv.','','Bothell',79,'98011','E6100000010CD6FA851AE6D74740BC262A0A03905EC0','32A54B9E-E034-4BFB-B573-A71CDE60D8C0','2008-11-30'),
	(3,'7484 Roundtree Drive','','Bothell',79,'98011','E6100000010C18E304C4ADE14740DA930C7893915EC0','4C506923-6D1B-452C-A07C-BAA6F5B142A4','2013-03-07'),
	(4,'9539 Glenside Dr','','Bothell',79,'98011','E6100000010C813A0D5F9FDE474011A5C28A7C955EC0','E5946C78-4BCC-477F-9FA1-CC09DE16A880','2009-02-03'),
	(5,'1226 Shoe St.','','Bothell',79,'98011','E6100000010C61C64D8ABBD94740C460EA3FD8855EC0','FBAFF937-4A97-4AF0-81FD-B849900E9BB0','2008-12-19'),
	(6,'1399 Firestone Drive','','Bothell',79,'98011','E6100000010CE0B4E50458DA47402F12A5F80C975EC0','FEBF8191-9804-44C8-877A-33FDE94F0075','2009-02-13'),
	(7,'5672 Hale Dr.','','Bothell',79,'98011','E6100000010C18E304C4ADE1474011A5C28A7C955EC0','0175A174-6C34-4D41-B3C1-4419CD6A0446','2009-12-11'),
	(8,'6387 Scenic Avenue','','Bothell',79,'98011','E6100000010C0029A5D93BDF4740E248962FD5975EC0','3715E813-4DCA-49E0-8F1C-31857D21F269','2008-12-17'),
	(9,'8713 Yosemite Ct.','','Bothell',79,'98011','E6100000010C6A80AD742DDC4740851574F7198C5EC0','268AF621-76D7-4C78-9441-144FD139821A','2012-05-30'),
	(10,'250 Race Court','','Bothell',79,'98011','E6100000010C219D64AE1FE4474040862564B7825EC0','0B6B739D-8EB6-4378-8D55-FE196AF34C04','2008-12-02'),
	(11,'1318 Lasalle Street','','Bothell',79,'98011','E6100000010CCEFFBBFD9FE9474057B9479C728E5EC0','981B3303-ACA2-49C7-9A96-FB670785B269','2013-02-28'),
	(12,'5415 San Gabriel Dr.','','Bothell',79,'98011','E6100000010C6A80AD742DDC474011A5C28A7C955EC0','1C2C9CFE-AB9F-4F96-8E1F-D9666B6F7F22','2013-01-05'),
	(13,'9265 La Paz','','Bothell',79,'98011','E6100000010CC3228C0867E84740F3BC169B7F835EC0','E0BA2F52-C907-4553-A0DB-67FC67D28AE4','2013-12-14'),
	(14,'8157 W. Book','','Bothell',79,'98011','E6100000010C219D64AE1FE4474067A89189898A5EC0','A1C658AE-C553-4A9D-A081-A550D39B64DF','2009-12-04'),
	(15,'4912 La Vuelta','','Bothell',79,'98011','E6100000010C219D64AE1FE447405E6ED153B4945EC0','F397E64A-A9D8-4E57-9E7C-B10928ACADD6','2013-11-18'),
	(16,'40 Ellis St.','','Bothell',79,'98011','E6100000010CF76E45EFC9DC474067A89189898A5EC0','0312B65F-CB60-4396-9EC7-A78B2EAC1A1B','2012-11-09'),
	(17,'6696 Anchor Drive','','Bothell',79,'98011','E6100000010C034C75E402DE4740BC262A0A03905EC0','CE9B3B47-9267-4727-BCD2-687C47482C06','2013-11-08'),
	(18,'1873 Lion Circle','','Bothell',79,'98011','E6100000010C219D64AE1FE447405FF307D247845EC0','963854F7-E3CB-46A1-A3DB-1B05F71D6473','2013-11-30'),
	(19,'3148 Rose Street','','Bothell',79,'98011','E6100000010C813A0D5F9FDE47407DDBB3C144965EC0','6B7ACB0F-CDBF-44FD-BA14-EB08A56C1582','2014-04-03'),(20,'6872 Thornwood Dr.','','Bothell',79,'98011','E6100000010C034C75E402DE4740483BAF1BF9885EC0','4B1F1ED4-97A4-43FD-BB1E-9E05817718E8','2009-02-05'),(21,'5747 Shirley Drive','','Bothell',79,'98011','E6100000010CEB9115FA90DB47408E4F342DEF815EC0','D83299D7-A0F4-4055-9BD5-5908E245D757','2009-02-11'),(22,'636 Vine Hill Way','','Portland',58,'97205','E6100000010CB55B852318C34640DD7A52C8D3A75EC0','7F641525-2704-4F73-9D8A-EB062CFBFA3C','2011-05-24'),(23,'6657 Sand Pointe Lane','','Seattle',79,'98104','E6100000010C9F07FD5862DD47409F583A2EE9975EC0','B991568F-5096-4A92-B25C-1A3E4D2ACC66','2009-01-15'),(24,'80 Sunview Terrace','','Duluth',36,'55802','E6100000010C04554A7DD566474059F1E1D0B30457C0','BE07D3C8-6E58-4670-9DA9-151AB6D3D620','2011-05-24'),(25,'9178 Jumping St.','','Dallas',73,'75201','E6100000010C10A810D1886240403A0F0653663158C0','C8DF3BD9-48F0-4654-A8DD-14A67A84D3C6','2012-07-31'),(26,'5725 Glaze Drive','','San Francisco',9,'94109','E6100000010CFE3883FD5AE14240E38A86B1249A5EC0','77415959-A4EE-4DA6-86F9-70C097560005','2011-05-24'),(27,'2487 Riverside Drive','','Nevada',74,'84407','E6100000010C50ECC7344CA044400C0B98AB57FA5BC0','C1D0F3B0-6B2A-4388-8861-48F44D8270A1','2011-05-24'),(28,'9228 Via Del Sol','','Phoenix',6,'85004','E6100000010CCEEAD68894D440404D9D2EDC020E5CC0','12AE5EE1-FC3E-468B-9B92-3B970B169774','2011-08-01'),(29,'8291 Crossbow Way','','Memphis',72,'38103','E6100000010C7AED632C1D9641401C8388AE3C8A56C0','7CC794AD-1822-412B-AB94-337A89A1D0C9','2011-05-24'),(30,'9707 Coldwater Drive','','Orlando',15,'32804','E6100000010C90C10F63019F3C4089A0F6721C5254C0','7431591F-36C1-4A65-B722-0E006DB73557','2011-07-01'),(31,'9100 Sheppard Avenue North','','Ottawa',57,'K4B 1T7','E6100000010CFE790DE102A84640715F3BDE74D652C0','644DEA26-E6FD-4019-85E6-35364DDAB0CC','2011-05-24'),(32,'26910 Indela Road','','Montreal',63,'H1Y 2H5','E6100000010C30D3FD464FCA4640CD2A07B90E6152C0','84A95F62-3AE8-4E7E-BBD5-5A6F00CD982D','2012-06-30'),(33,'10203 Acorn Avenue','','Calgary',1,'T2P 2G8','E6100000010CB2F2FC2E338E4940BA61B7D381795CC0','237986D3-0F02-4D59-9B2E-6B1A6B5A6185','2011-05-24'),(34,'94, rue Descartes','','Bordeaux',119,'33000','E6100000010C1F9AACD1B8624640606323101251E3BF','57F25EED-0F07-43BA-83B4-5A4B398F4BF2','2013-12-21 10:09:29'),(35,'Pascalstr 951','','Berlin',20,'14111','E6100000010C078D021125484A408AD730111F9C2A40','2985CF68-8155-45A3-B086-7B08BD4D46EF','2013-05-23'),(36,'34 Waterloo Road','','Melbourne',77,'3000','E6100000010C17C9C9D093E642C035B63CBED31E6240','18E590A6-A500-48B5-B092-9E0B59816436','2013-05-23'),(37,'Downshire Way','','Cambridge',14,'BA5 3HX','E6100000010CFD6ECF37749849406E2CA98C0AF704C0','7F80F9CE-50F1-404B-8C18-7C95EE35A6EE','2012-05-23'),(38,'8154 Via Mexico','','Detroit',35,'48226','E6100000010C3D5A41438330454086E592457FC954C0','BD54F2AD-157A-4491-9F05-CC1D5A492CF1','2011-05-24'),(39,'3997 Via De Luna','','Cambridge',30,'02139','E6100000010C74132705E72B4540E64A71E28ACB51C0','A5A9AC6D-5488-4A15-A932-F6FA651093F7','2012-09-23'),(40,'1902 Santa Cruz','','Bothell',79,'98011','E6100000010C96D19C3E4AE2474057B9479C728E5EC0','5A0C5C47-18BE-420B-89BA-D39878160D80','2010-02-01'),(41,'793 Crawford Street','','Kenmore',79,'98028','E6100000010CF89D8A7846E84740D1680C2DC38A5EC0','58F28FFB-BE74-47F9-AEC0-D5771026ED8F','2014-03-25'),(42,'463 H Stagecoach Rd.','','Kenmore',79,'98028','E6100000010C1BF06593F0E047402DCB06C6D9865EC0','782C540D-3EAD-4D15-B170-E60616CF125B','2009-01-20'),(43,'5203 Virginia Lane','','Kenmore',79,'98028','E6100000010C20D3DF97B7DF47402990709D32895EC0','E210A601-42B9-4313-979D-4BCCA6144343','2010-02-13'),(44,'4095 Cooper Dr.','','Kenmore',79,'98028','E6100000010C150DEC8E29E24740146981D2EE945EC0','E6A218AE-516C-4CD6-A0A9-105FCD46994B','2008-12-27'),(45,'6697 Ridge Park Drive','','Kenmore',79,'98028','E6100000010C4225BBB261D84740146981D2EE945EC0','95A73034-BD61-4349-B337-02D647C88CDD','2008-11-25'),(46,'5669 Ironwood Way','','Kenmore',79,'98028','E6100000010C76AC4DF6E2E84740C9F2DFDB748F5EC0','8FD29F31-EB25-4EC7-9258-FEF7160119C0','2009-01-29'),(47,'8192 Seagull Court','','Kenmore',79,'98028','E6100000010C04647E81D4E547407941A8BC538C5EC0','3DE1BDE3-FF37-4992-B50E-E12D5E247132','2009-01-11'),(48,'5553 Cash Avenue','','Kenmore',79,'98028','E6100000010CC0337E30FED8474075061294AC8E5EC0','1875165E-D9E4-414F-8FCB-6A8720625443','2014-01-31'),(49,'7048 Laurel','','Kenmore',79,'98028','E6100000010C1BF06593F0E04740C9F2DFDB748F5EC0','C172E367-E6E6-4200-8865-12902022B891','2009-02-01'),(50,'25 95th Ave NE','','Kenmore',79,'98028','E6100000010C0947F8859BE44740BC411D627F965EC0','8AD42881-A81B-4A4D-95C2-6D34A55F3BC9','2009-02-06'),(51,'3280 Pheasant Circle','','Snohomish',79,'98296','E6100000010CE394E9D501E2474014B8B3D8FE915EC0','D40AA5FF-462B-4322-9C67-C7B5F468E6E3','2008-11-30'),(52,'4231 Spar Court','','Snohomish',79,'98296','E6100000010C182C38B72BE047407D89EAD8CD805EC0','19801401-913F-45FA-A7D3-8573F35202E7','2009-01-20'),(53,'1285 Greenbrier Street','','Snohomish',79,'98296','E6100000010C39DB74CBB2F0474003CACBFB25835EC0','D08E2B94-FFC3-44F6-B926-ECD76F0360F6','2008-12-28'),(54,'5724 Victory Lane','','Snohomish',79,'98296','E6100000010C39DB74CBB2F04740890AAD1E7E855EC0','AEB2271B-A9E9-454E-B04B-8A3B91014463','2010-01-29'),(55,'591 Merriewood Drive','','Snohomish',79,'98296','E6100000010C1040A96179EF47407261B07BBE8B5EC0','AB314668-EACD-4440-9832-CCCF2B187078','2009-02-16'),(56,'3114 Notre Dame Ave.','','Snohomish',79,'98296','E6100000010C1040A96179EF4740720828931D7C5EC0','E7A29CE5-7EC6-4E64-9480-0C166297B6A5','2013-11-29'),(57,'7230 Vine Maple Street','','Snohomish',79,'98296','E6100000010CA50D8F1616F047407261B07BBE8B5EC0','2C5FE85E-796E-4666-B449-9CFDFA870058','2009-01-22'),(58,'2601 Cambridge Drive','','Snohomish',79,'98296','E6100000010C43CFFD3184E747408E77D2B5A68F5EC0','44668102-3C93-4005-BAAB-E14D351D1522','2008-12-05'),(59,'2115 Passing','','Snohomish',79,'98296','E6100000010CDAA4DDF73FEE474077754D2A46865EC0','77923F90-FCCD-40AE-8C51-52A2267A5A61','2008-11-30'),(60,'4852 Chaparral Court','','Snohomish',79,'98296','E6100000010C78664C13AEE54740E6B3A9C13D7F5EC0','5457D27A-52B3-4150-87EA-96B42645AB01','2009-12-25'),(61,'7726 Driftwood Drive','','Monroe',79,'98272','E6100000010CC440A386ACE847406C86CCD635785EC0','07373E01-BD99-405A-996A-AB68984423C3','2006-06-23'),(62,'3841 Silver Oaks Place','','Monroe',79,'98272','E6100000010CC56E23CC68EF4740949BC704EA835EC0','851AA003-2D0F-4165-A54B-A13D9B86924A','2008-11-27'),(63,'9652 Los Angeles','','Monroe',79,'98272','E6100000010CC440A386ACE8474044786554C5795EC0','E031CC1E-3E82-4338-B590-5FE91242DEFF','2009-01-27'),(64,'4566 La Jolla','','Monroe',79,'98272','E6100000010C827F23CEDBF14740BBA92E875A825EC0','39EFCF68-25CA-4B41-9882-A91F8FC2EC62','2009-01-08'),(65,'1356 Grove Way','','Monroe',79,'98272','E6100000010C8151A3881FEB474036062D4141865EC0','C9ED93AD-FE56-4A9E-86D0-E53DB70DB0CC','2009-02-14'),(66,'4775 Kentucky Dr.','Unit E','Monroe',79,'98272','E6100000010C9C3C23C60FE84740E5DB36E5D86E5EC0','462876DD-B30C-4E9B-A0AD-67A0E14986C6','2014-05-27'),(67,'4734 Sycamore Court','','Monroe',79,'98272','E6100000010C4B7BA30D3FF147406D8D608279855EC0','F6A0BC36-9C6E-4395-A7D5-8F31AD3775F4','2008-12-20'),(68,'896 Southdale','','Monroe',79,'98272','E6100000010CFA16A3018DE24740D669FED1547B5EC0','BFF6C765-A8EA-4F40-9C87-43C8829EB396','2009-02-26'),(69,'2275 Valley Blvd.','','Monroe',79,'98272','E6100000010C594D23C882EA474078D4630EAC7D5EC0','192987FC-CA4B-421A-8EA9-52ED8EED3D32','2009-01-14'),(70,'1792 Belmont Rd.','','Monroe',79,'98272','E6100000010CAA83A38E78F247406C86CCD635785EC0','5F659DE9-3A31-41D5-BB92-EA0D34486C83','2008-12-02'),(71,'5734 Ashford Court','','Monroe',79,'98272','E6100000010C0730A38439E6474093943359A6765EC0','5CD0EDD1-7841-49C9-AEBB-69ED1CD2989C','2008-02-13'),(72,'5030 Blue Ridge Dr.','','Monroe',79,'98272','E6100000010C2377234DA2F04740CB22FB4522835EC0','51711CD3-947C-4666-882F-A50943E12339','2009-02-06'),(73,'158 Walnut Ave','','Monroe',79,'98272','E6100000010C6638A30573E74740A20D00186E775EC0','2AD59424-B8FC-4957-82F7-62C11DD89235','2009-02-07'),(74,'8310 Ridge Circle','','Monroe',79,'98272','E6100000010C3E9023D04EF447405F38359FBF725EC0','82780FDB-8DF5-4334-9994-2D306ECC73E1','2008-11-30'),(75,'3747 W. Landing Avenue','','Monroe',79,'98272','E6100000010C221B23C229E34740F23062C892815EC0','05524AB0-4696-4670-8D2F-580B6A5DF760','2009-02-28'),(76,'2598 La Vista Circle','','Duvall',79,'98019','E6100000010CB0EA3DB968E347402CE232B5ED685EC0','3661F140-8DE9-4C81-A54E-661E6C61A801','2009-02-03'),(77,'9693 Mellowood Street','','Duvall',79,'98019','E6100000010C2D6899BAAFE747407520D45948725EC0','C83B3A62-3561-4378-B307-540451AC23BD','2008-02-20'),(78,'1825 Corte Del Prado','','Duvall',79,'98019','E6100000010C1B709E483EDA4740D1D0ABB0F16F5EC0','86F8D7EA-AF62-4A35-8FC6-4278BCA608F1','2008-12-27'),(79,'5086 Nottingham Place','','Duvall',79,'98019','E6100000010C39F1E4FE68D847402D8183079B6D5EC0','83393058-231C-4D1E-863A-88385D126810','2010-01-17'),(80,'3977 Central Avenue','','Duvall',79,'98019','E6100000010C0BEF579213DC474076BF24ACF5765EC0','30A7AD1E-78F0-4F04-83EE-2CD1C37D59A5','2009-02-02'),(81,'8209 Green View Court','','Duvall',79,'98019','E6100000010C8F71FC90CCD74740A0FCEA42B5695EC0','41AE4C8A-1922-427A-B66F-3779639B0F42','2010-02-20'),(82,'8463 Vista Avenue','','Duvall',79,'98019','E6100000010CA069F7023EE5474062AE9DA7F97D5EC0','C2AE1EA5-4F3C-413C-8810-4185EE46BB96','2009-02-21'),(83,'5379 Treasure Island Way','# 14','Duvall',79,'98019','E6100000010C2D6899BAAFE747408E2905E3137A5EC0','F229A37B-C8D9-4E4A-99BB-4D12715A2F5E','2009-02-04'),(84,'3421 Bouncing Road','','Duvall',79,'98019','E6100000010CA069F7023EE5474032792D8C6A7C5EC0','83B10347-08DC-4E5E-8A94-60DEB34D92A7','2008-12-01'),(85,'991 Vista Verde','','Duvall',79,'98019','E6100000010CE5F1132330D74740A5F494C784785EC0','8EAB0498-EB64-4F80-AEDE-CA3735D4C097','2009-02-01'),(86,'390 Ridgewood Ct.','','Carnation',79,'98014','E6100000010C8B773FA1AFDD4740ED29E16761775EC0','DAFBD136-5AC2-4F16-8D82-2BFFFD60B7A7','2008-12-20'),(87,'1411 Ranch Drive','','Carnation',79,'98014','E6100000010C866A60EF3EDB4740D4329D84B8795EC0','B7AD6512-9B80-4FDB-8EBB-B9934B211CEA','2009-02-06'),(88,'9666 Northridge Ct.','','Carnation',79,'98014','E6100000010CBCEC7CA2A7CF4740370FAD115C705EC0','FD316D3A-10F5-41D7-8CD9-7B1EAA851223','2008-12-01'),(89,'3074 Arbor Drive','','Carnation',79,'98014','E6100000010C8A50A28B5DD647408A4DD1DABD805EC0','BF8E2FBE-1BC0-4643-9764-2903C86438EC','2008-12-14'),(90,'9752 Jeanne Circle','','Carnation',79,'98014','E6100000010C8F5D813DCED84740BC3B59A10F7C5EC0','5582D57F-9E56-4D15-8633-633206D2A182','2010-01-09'),(91,'7166 Brock Lane','','Seattle',79,'98104','E6100000010C8726B9B50FCF47409A9689D608995EC0','219725C5-2537-45DB-879D-CE160729EECE','2008-12-15'),(92,'7126 Ending Ct.','','Seattle',79,'98104','E6100000010C9A77BCE123C747406282BA744A8D5EC0','DEDCAECB-19B4-4441-9BBB-BC758329F406','2007-12-19'),(93,'4598 Manila Avenue','','Seattle',79,'98104','E6100000010C76957EBCD7CD4740789E0F64BB9D5EC0','058435DF-1143-4921-A47E-FD02E7F05EA7','2010-01-29'),(94,'5666 Hazelnut Lane','','Seattle',79,'98104','E6100000010C76957EBCD7CD47409A9689D608995EC0','1033EF53-1246-4830-878C-516D4697ED8B','2009-02-24'),(95,'1220 Bradford Way','','Seattle',79,'98104','E6100000010C019EE4EB4FC547405F3EB2FC77975EC0','EF7470D7-D3CE-4E30-AE81-6E1F7752134E','2008-12-08'),(96,'5375 Clearland Circle','','Seattle',79,'98104','E6100000010CA8482EA87FD147408346388A2A9C5EC0','EF57EA2B-15FD-4887-90DC-77EC79AE67E9','2009-01-04'),(97,'2639 Anchor Court','','Seattle',79,'98104','E6100000010CDAFBDD9327D5474067D6CE07828C5EC0','9C3D0B0D-E3B3-4696-B0EB-A90356CB8ACC','2014-02-07'),(98,'502 Alexander Pl.','','Seattle',79,'98104','E6100000010C52B340978BD44740703AEFB51E955EC0','B3D67582-A180-42AD-BE0D-E8FAC4080354','2009-01-25'),(99,'5802 Ampersand Drive','','Seattle',79,'98104','E6100000010C63447B90C3D54740789E0F64BB9D5EC0','137CC1BA-089A-4E2D-91BF-7480802A7E00','2008-12-31'),(100,'5125 Cotton Ct.','','Seattle',79,'98104','E6100000010CEB8C188D5FD647406492C68FAF965EC0','AB6BCC20-67D3-4A26-BA02-CDC917C2DEE4','2009-02-03');

-- Insertion de données dans AddressType
INSERT INTO AddressType 
VALUES 
	(1,'Billing','B84F78B1-4EFE-4A0E-8CB7-70E9F112F886','2008-04-30'),
	(2,'Home','41BC2FF6-F0FC-475F-8EB9-CEC0805AA0F2','2008-04-30'),
	(3,'Main Office','8EEEC28C-07A2-4FB9-AD0A-42D4A0BBC575','2008-04-30'),
	(4,'Primary','24CB3088-4345-47C4-86C5-17B535133D1E','2008-04-30'),
	(5,'Shipping','B29DA3F8-19A3-47DA-9DAA-15C84F4A83A5','2008-04-30'),
	(6,'Archive','A67F238A-5BA2-444B-966C-0467ED9C427F','2008-04-30');

-- Insertion de données dans BusinessEntityAddress
INSERT INTO BusinessEntityAddress 
VALUES 
	(1,2,2,'3A5D0A00-6739-4DFE-A8F7-844CD9DEE3DF','2014-09-12 11:15:06'),
	(2,3,2,'84AE7057-EDF4-4C51-8B8D-3AEAEFBFB4A1','2014-09-12 11:15:06'),
	(3,2,2,'3C915B31-7C05-4A05-9859-0DF663677240','2014-09-12 11:15:06'),
	(4,1,2,'3DC70CC4-3AE8-424F-8B1F-481C5478E941','2014-09-12 11:15:06'),
	(5,1,2,'C0ED2F68-937B-4594-9459-581AC53C98E3','2014-09-12 11:15:06'),
	(6,2,2,'4CA1686A-A7DF-4BD8-9D7D-82A63210208A','2014-09-12 11:15:06'),
	(7,9,2,'1528E305-3E34-4DEA-BDD7-C7DDCDD11EF8','2014-09-12 11:15:06'),
	(8,10,2,'38F80F8F-5CA7-4D06-AEFA-CD930A0A7B3F','2014-09-12 11:15:06'),
	(9,18,2,'51C9D232-DD34-49A5-8442-F269E0B9A6FF','2014-09-12 11:15:06'),
	(10,11,2,'13981FC6-9688-49C8-AA1E-80C7F28EA2FF','2014-09-12 11:15:06'),
	(11,5,2,'1F216434-3714-4BFB-9B05-4BE77EBCCE3F','2014-09-12 11:15:06'),
	(12,1,2,'8AA698FC-090F-42EE-A197-2E7F7394D9F1','2014-09-12 11:15:06'),
	(13,19,2,'F7C52CB0-99D3-4632-AD41-00A1D3B13145','2014-09-12 11:15:06'),
	(14,9,2,'09AD7450-C146-4B9E-AE2F-AAD99634577E','2014-09-12 11:15:06'),
	(15,2,2,'46944C73-22DE-431E-BE1F-726F85563235','2014-09-12 11:15:06'),
	(16,14,2,'9CD92F26-342B-4AF0-80E3-23FA079912B5','2014-09-12 11:15:06'),
	(17,3,2,'7FA5FF71-E97B-457D-B7C4-88FB6566DC40','2014-09-12 11:15:06'),
	(18,19,2,'3EB9A702-4344-4E1B-8CB2-A2BA00E91384','2014-09-12 11:15:06'),
	(19,17,2,'46420BB1-E0CB-48F9-8904-87049416F9C5','2014-09-12 11:15:06'),
	(20,19,2,'FC83719F-93A8-4127-BE1B-92B17E594CDD','2014-09-12 11:15:06'),
	(21,11,2,'713561FB-CCD2-4388-9008-4BF8C5439D28','2014-09-12 11:15:06'),
	(22,2,2,'31E8CD12-9AC5-4A6D-B379-220FACBDCA3F','2014-09-12 11:15:06'),
	(23,9,2,'BDCD2872-254C-4D9F-B7B8-9A8DEBFD8746','2014-09-12 11:15:06'),
	(24,4,2,'A249F1B3-F689-49CB-A1DA-C561BB9F6165','2014-09-12 11:15:06'),
	(25,6,2,'FB3F9EAE-4738-404D-864B-103378819225','2014-09-12 11:15:06'),
	(26,6,2,'ECEF25E5-6589-4095-9C0C-877DF9295370','2014-09-12 11:15:06'),
	(27,7,2,'FE9A5496-A871-43C1-ABD7-7E598F1231C9','2014-09-12 11:15:06'),
	(28,6,2,'77253AEF-8883-4E76-97AA-7B7DAC21A2CD','2014-09-12 11:15:06'),
	(29,18,2,'619123C1-FAD9-4A03-8690-D63FD7B3714A','2014-09-12 11:15:06'),
	(30,15,2,'3474921F-2E88-47AB-B83F-66E959BCDA0E','2014-09-12 11:15:06'),
	(31,14,2,'4471AA16-AF48-4ADC-9FF3-AE4F7A0A9E2F','2014-09-12 11:15:06'),
	(32,16,2,'7374DD1A-00A3-4915-BE2C-FF924619BB34','2014-09-12 11:15:06'),
	(33,18,2,'F4085F41-E061-4D04-9758-36BADE9F8D09','2014-09-12 11:15:06'),
	(34,18,2,'EAF87986-D9F1-490F-A713-AE7B19A75DD8','2014-09-12 11:15:06'),
	(35,12,2,'1D7CB034-0854-4445-9165-703C3BC50ECF','2014-09-12 11:15:06'),
	(36,10,2,'BD3A4B7D-2194-4043-A9B5-F88C18374AF3','2014-09-12 11:15:06'),
	(37,7,2,'65612CDD-3E6E-429B-B11E-66A657E76383','2014-09-12 11:15:06'),
	(38,9,2,'6D6AA1BD-0747-4997-9E4F-6B9F1C1460D1','2014-09-12 11:15:06'),
	(39,9,2,'316ACA7B-BD68-49E3-95BA-2A19B32886AE','2014-09-12 11:15:06'),
	(40,2,2,'F306C391-0D6B-43AE-9629-E50F56C01EC1','2014-09-12 11:15:06'),
	(41,9,2,'1FD3B33E-6F73-4C9C-B5A3-77C1D4E65A7A','2014-09-12 11:15:06'),
	(42,7,2,'E29B7247-2280-40E1-B1DE-47E2A60B2285','2014-09-12 11:15:06'),
	(43,17,2,'FF1239F7-C8AB-42C1-9929-EB8453864717','2014-09-12 11:15:06'),
	(44,8,2,'783A4C42-9B03-40BE-96DC-DCD637AC5143','2014-09-12 11:15:06'),
	(45,15,2,'121319C6-B1D9-41B3-998E-CCE1E87F95E7','2014-09-12 11:15:06'),
	(46,18,2,'49551ABD-4C8E-4EEE-9B72-CBB8204636CB','2014-09-12 11:15:06'),
	(47,6,2,'5B853C62-07B2-49C7-8586-46765851CE3A','2014-09-12 11:15:06'),
	(48,14,2,'57A0819C-5D99-4D72-9340-653A14FEFC8A','2014-09-12 11:15:06'),
	(49,16,2,'80AD19F1-7D70-4FD6-864B-F0B3095188DD','2014-09-12 11:15:06'),
	(50,15,2,'7F0ACDD9-B2F2-4B03-BD77-44DF601BC1DC','2014-09-12 11:15:06'),
	(51,7,2,'23EF0683-F215-4970-B3DD-17020D16A828','2014-09-12 11:15:06'),
	(52,8,2,'A66186AA-81E9-45D7-AF56-264973870589','2014-09-12 11:15:06'),
	(53,8,2,'ACA1671B-9214-4A40-B412-B130A34578BA','2014-09-12 11:15:06'),
	(54,6,2,'CF0B21F7-721E-4996-B26A-6A113605CE2E','2014-09-12 11:15:06'),
	(55,13,2,'8BEEDDC2-181A-44A4-B186-3BF537E8A7FE','2014-09-12 11:15:06'),
	(56,6,2,'7063CCC3-D11C-4478-BB63-F4656D8DD3C8','2014-09-12 11:15:06'),
	(57,5,2,'65887859-4F2E-4523-AEAB-A8FBB8E491B3','2014-09-12 11:15:06'),
	(58,19,2,'BEE6017F-0AE1-4050-90F4-84B09FB08006','2014-09-12 11:15:06'),
	(59,8,2,'75C5C433-4BF1-4F67-AC8F-07D97E481B1B','2014-09-12 11:15:06'),
	(60,9,2,'E9514B97-D6F5-4300-A1E7-B8F258976B35','2014-09-12 11:15:06'),
	(61,7,2,'28ED65A7-4EB7-48AA-B78F-9CB0380C3727','2014-09-12 11:15:06'),
	(62,9,2,'407AA175-5AAD-4B23-9F82-9AABD6792F3D','2014-09-12 11:15:06'),
	(63,19,2,'64363F9C-79A1-4BF7-B293-71CF4D8334AF','2014-09-12 11:15:06'),
	(64,13,2,'2EAF763F-66B4-4E87-9F00-0A0FF59817EB','2014-09-12 11:15:06'),
	(65,18,2,'8C7E671F-71E4-448B-8281-6454F55AA169','2014-09-12 11:15:06'),
	(66,13,2,'7CCEA114-5AED-44BA-83A0-1DEAD7468003','2014-09-12 11:15:06'),
	(67,8,2,'44518ECA-DE6F-431C-AC46-54A4C081C007','2014-09-12 11:15:06'),
	(68,19,2,'43E9A9A0-C67E-4842-8420-2C719B27D548','2014-09-12 11:15:06'),
	(69,14,2,'DC8F3D02-84D5-44DE-8BC6-573AE9CB547E','2014-09-12 11:15:06'),
	(70,15,2,'E3DB3FED-EFE4-4633-9008-6C90B4217536','2014-09-12 11:15:06'),
	(71,12,2,'56E58AD3-1BA8-4FE2-87A0-73BB7C12DEAE','2014-09-12 11:15:06'),
	(72,3,2,'9C0AA21A-3223-46ED-9A07-8E33D3D12800','2014-09-12 11:15:06'),
	(73,15,2,'AF5DA2BC-C5FD-4F46-86E6-63482CB70776','2014-09-12 11:15:06'),
	(274,9,2,'FB95DC65-7BFD-44A9-A6AF-510B7DEC121E','2014-09-12 11:15:06'),
	(275,19,2,'AECE6064-ADD3-4E1C-A530-5C07581DABD1','2014-09-12 11:15:06'),
	(276,2,2,'E09F8E13-7912-46CB-A8D8-417B2FA22229','2014-09-12 11:15:06'),
	(277,9,2,'3E0229E6-7FD3-4CEF-B416-5CC2F08DF5BC','2014-09-12 11:15:06'),
	(278,11,2,'0A1DC982-7E81-4551-A98A-22F236C1EEF2','2014-09-12 11:15:06'),
	(279,9,2,'056D6E47-A493-4D5F-B5E5-E59FCEEADE1D','2014-09-12 11:15:06'),
	(280,4,2,'E10BC09A-6C81-4DF2-9941-5F90C4665AF6','2014-09-12 11:15:06'),
	(281,15,2,'0B4301D8-8E9C-43C8-9435-32ED974E734A','2014-09-12 11:15:06'),
	(282,10,2,'3448D4BB-A918-49E1-A084-064B4E7F5675','2014-09-12 11:15:06'),
	(283,10,2,'299F0C72-D99E-466C-B9AC-B4AB0FA3D276','2014-09-12 11:15:06'),
	(284,5,2,'B5C189A7-E7CE-4EFF-921A-57BC6A5D9962','2014-09-12 11:15:06'),
	(285,14,2,'1D0D6D8B-ADA6-4FBF-8E08-A2D406E6C51C','2014-09-12 11:15:06'),
	(286,17,2,'E0AF17E3-DB0D-4ABB-A471-4C8B0BDEE640','2014-09-12 11:15:06'),
	(287,9,2,'67D3A570-A9F5-4260-830E-104E80A72AE6','2014-09-12 11:15:06'),
	(288,7,2,'77359FFF-8594-45D1-A28D-FC6E1CD65028','2014-09-12 11:15:06'),
	(289,16,2,'1F5C4762-D9DD-4924-B535-05AB47D96602','2014-09-12 11:15:06'),
	(290,4,2,'2953037B-BDD4-4F8F-BCF8-FA7835A2A10E','2014-09-12 11:15:06'),
	(91,18,2,'DAFC45DE-2939-4CB4-A946-114246CB8227','2014-09-12 11:15:06'),
	(92,17,2,'7DD8BBEE-5644-4BD0-A17F-356FE671B245','2014-09-12 11:15:06'),
	(93,19,2,'6CC46DDB-D169-4D57-83C6-9B526B5FCFF2','2014-09-12 11:15:06'),
	(94,14,2,'5DB9F5AF-FECD-407E-B376-2D299534C72C','2014-09-12 11:15:06'),
	(95,16,2,'083A1F19-6B01-42AC-A1AD-814AD23C96EF','2014-09-12 11:15:06'),
	(96,13,2,'039F5361-37D3-435A-AB44-EA798B20B44B','2014-09-12 11:15:06'),
	(97,7,2,'52245CF5-7E0A-4B06-9D5D-9EF74ED00FD8','2014-09-12 11:15:06'),
	(98,8,2,'785D1634-4F68-49E1-BBD2-8BA4558C94D2','2014-09-12 11:15:06'),
	(99,16,2,'A37CD76C-85E3-49F1-8E9F-285475CC38D0','2014-09-12 11:15:06'),
	(100,13,2,'0926E48D-AF12-4E4A-9A07-34E8541DB3D9','2014-09-12 11:15:06');

-- Employee
INSERT INTO Employee 
VALUES 
	(1,295847284,'adventure-worksken0','','','Chief Executive Officer','1969-01-29','S','M','2009-01-14',1,99,69,1,'F01251E5-96A3-448D-981E-0F99D789110D','2014-06-30'),(2,245797967,'adventure-works	erri0','58','1','Vice President of Engineering','1971-08-01','S','F','2008-01-31',1,1,20,1,'45E8F437-670D-4409-93CB-F9424A40D6EE','2014-06-30'),(3,509647174,'adventure-works\roberto0','5AC0','2','Engineering Manager','1974-11-12','M','M','2007-11-11',1,2,21,1,'9BBBFB2C-EFBB-4217-9AB7-F97689328841','2014-06-30'),(4,112457891,'adventure-works\rob0','5AD6','3','Senior Tool Designer','1974-12-23','S','M','2007-12-05',0,48,80,1,'59747955-87B8-443F-8ED4-F8AD3AFDF3A9','2014-06-30'),(5,695256908,'adventure-worksgail0','5ADA','3','Design Engineer','1952-09-27','M','F','2008-01-06',1,5,22,1,'EC84AE09-F9B8-4A15-B4A9-6CCBAB919B08','2014-06-30'),(6,998320692,'adventure-worksjossef0','5ADE','3','Design Engineer','1959-03-11','M','M','2008-01-24',1,6,23,1,'E39056F1-9CD5-478D-8945-14ACA7FBDCDD','2014-06-30'),(7,134969118,'adventure-worksdylan0','5AE1','3','Research and Development Manager','1987-02-24','M','M','2009-02-08',1,61,50,1,'4F46DECA-EF01-41FD-9829-0ADAB368E431','2014-06-30'),(8,811994146,'adventure-worksdiane1','5AE158','4','Research and Development Engineer','1986-06-05','S','F','2008-12-29',1,62,51,1,'31112635-663B-4018-B4A2-A685C0BF48A4','2014-06-30'),(9,658797903,'adventure-worksgigi0','5AE168','4','Research and Development Engineer','1979-01-21','M','F','2009-01-16',1,63,51,1,'50B6CDC6-7570-47EF-9570-48A64B5F2ECF','2014-06-30'),(10,879342154,'adventure-worksmichael6','5AE178','4','Research and Development Manager','1984-11-30','M','M','2009-05-03',1,16,64,1,'EAA43680-5571-40CB-AB1A-3BF68F04459E','2014-06-30'),(11,974026903,'adventure-worksovidiu0','5AE3','3','Senior Tool Designer','1978-01-17','S','M','2010-12-05',0,7,23,1,'F68C7C19-FAC1-438C-9BB7-AC33FCC341C3','2014-06-30'),(12,480168528,'adventure-works	hierry0','5AE358','4','Tool Designer','1959-07-29','M','M','2007-12-11',0,9,24,1,'1D955171-E773-4FAD-8382-40FD898D5D4D','2014-06-30'),(13,486228782,'adventure-worksjanice0','5AE368','4','Tool Designer','1989-05-28','M','F','2010-12-23',0,8,24,1,'954B91B6-5AA7-48C2-8685-6E11C6E5C49A','2014-06-30'),(14,42487730,'adventure-worksmichael8','5AE5','3','Senior Design Engineer','1979-06-16','S','M','2010-12-30',1,3,21,1,'46286CA4-46DD-4DDB-9128-85B67E98D1A9','2014-06-30'),(15,56920285,'adventure-workssharon0','5AE7','3','Design Engineer','1961-05-02','M','F','2011-01-18',1,4,22,1,'54F2FDC0-87C4-4065-A7A8-9AC8EA624235','2014-06-30'),(16,24756624,'adventure-worksdavid0','68','1','Marketing Manager','1975-03-19','S','M','2007-12-20',1,40,40,1,'E87029AA-2CBA-4C03-B948-D83AF0313E28','2014-06-30'),(17,253022876,'adventure-workskevin0','6AC0','2','Marketing Assistant','1987-05-03','S','M','2007-01-26',0,42,41,1,'1B480240-95C0-410F-A717-EB29943C8886','2014-06-30'),(18,222969461,'adventure-worksjohn5','6B40','2','Marketing Specialist','1978-03-06','S','M','2011-02-07',0,48,44,1,'64730415-1F58-4E5B-8FA8-5E4DAEBA53B4','2014-06-30'),(19,52541318,'adventure-worksmary2','6BC0','2','Marketing Assistant','1978-01-29','S','F','2011-02-14',0,43,41,1,'1F6DA901-C7F7-48A8-8EEF-D81868D72B52','2014-06-30'),(20,323403273,'adventure-workswanida0','6C20','2','Marketing Assistant','1975-03-17','M','F','2011-01-07',0,41,40,1,'43CCA446-DA1C-454C-8530-873AD2923E1B','2014-06-30'),(21,243322160,'adventure-works	erry0','6C60','2','Marketing Specialist','1986-02-04','M','M','2009-03-02',0,44,42,1,'AD0D7626-4506-45C4-898F-9D7A0E13AABD','2014-06-30'),(22,95958330,'adventure-workssariya0','6CA0','2','Marketing Specialist','1987-05-21','S','M','2008-12-12',0,45,42,1,'AF21F1B7-0691-48AD-B325-B8F2D7B2268A','2014-06-30'),(23,767955365,'adventure-worksmary0','6CE0','2','Marketing Specialist','1962-09-13','M','F','2009-01-12',0,46,43,1,'90899830-127E-4876-85CA-7F6E03025281','2014-06-30'),(24,72636981,'adventure-worksjill0','6D10','2','Marketing Specialist','1979-06-18','M','F','2009-01-18',0,47,43,1,'53575C58-FBA1-4C1A-B8FF-95E050B44393','2014-06-30'),(25,519899904,'adventure-worksjames1','78','1','Vice President of Production','1983-01-07','S','M','2009-02-03',1,64,52,1,'D7314F24-2AF1-429C-9BBB-4038F45F3E6C','2014-06-30'),(26,277173473,'adventure-workspeter0','7AC0','2','Production Control Manager','1982-11-03','M','M','2008-12-01',1,43,41,1,'69D5D162-E817-45E7-9DEC-5D9B8310E7B1','2014-12-26 09:17:08'),(27,446466105,'adventure-worksjo0','7AD6','3','Production Supervisor - WC60','1956-10-08','S','F','2008-02-27',0,80,60,1,'83FFAAC6-B895-481F-B897-14F965D4DA47','2014-06-30'),(28,14417807,'adventure-worksguy1','7AD6B0','4','Production Technician - WC60','1988-03-13','M','M','2006-06-30',0,21,30,1,'AAE1D04A-C237-4974-B4D5-935247737718','2014-06-30'),(29,948320468,'adventure-worksmark1','7AD6D0','4','Production Technician - WC60','1979-09-25','S','M','2009-01-23',0,19,29,1,'CDB2C6DF-93E5-4558-91C8-424D5E7C658B','2014-06-30'),(30,410742000,'adventure-worksritta0','7AD6F0','4','Production Technician - WC60','1989-09-28','M','F','2009-01-29',0,14,27,1,'FC12677F-42F8-4790-AD69-685088ED7E5F','2014-06-30'),(31,750246141,'adventure-worksmargie0','7AD708','4','Production Technician - WC60','1986-05-20','M','F','2009-01-04',0,18,29,1,'352D6E2F-655B-49A2-9FEC-EFD7D8CD0D30','2014-06-30'),(32,330211482,'adventure-works\rebecca0','7AD718','4','Production Technician - WC60','1977-07-10','M','F','2008-12-29',0,23,31,1,'BDADEB5C-A596-4DA1-88BA-842C7A0CC10F','2014-06-30'),(33,801758002,'adventure-worksannik0','7AD728','4','Production Technician - WC60','1976-12-26','M','M','2008-12-17',0,17,28,1,'51FDE6AC-BD50-467C-90E5-10CA7310455C','2014-06-30'),(34,754372876,'adventure-workssuchitra0','7AD738','4','Production Technician - WC60','1987-06-10','M','F','2009-02-16',0,15,27,1,'6ADBD932-0DA5-4F5C-AF67-8E3A53630896','2014-06-30'),(35,999440576,'adventure-worksrandon0','7AD744','4','Production Technician - WC60','1977-01-10','M','M','2009-02-08',0,22,31,1,'CA5D1935-44E2-4C45-93BB-809E59F56796','2014-06-30'),(36,788456780,'adventure-worksjose0','7AD74C','4','Production Technician - WC60','1984-07-31','M','M','2009-02-10',0,20,30,1,'9E912556-88BA-41EE-B946-CB84AB4C1102','2014-06-30'),(37,442121106,'adventure-workschris2','7AD754','4','Production Technician - WC60','1986-08-07','S','M','2009-03-07',0,16,28,1,'77B384C7-AFFB-4816-992B-F5B3034EE4FF','2014-06-30'),(38,6298838,'adventure-workskim1','7AD75C','4','Production Technician - WC60','1966-12-14','M','F','2010-01-16',0,24,32,1,'891C27F4-28CC-44BB-BEA3-DA5EA7FBE957','2014-06-30'),(39,461786517,'adventure-worksed0','7AD764','4','Production Technician - WC60','1971-09-11','S','M','2010-02-05',0,25,32,1,'8EF22FB3-AF37-4B44-8862-D60A7CB09D82','2014-06-30'),(40,309738752,'adventure-worksjolynn0','7ADA','3','Production Supervisor - WC60','1956-01-16','S','F','2007-12-26',0,82,61,1,'2CC71B96-F421-485E-9832-8723337749BB','2014-06-30'),(41,458159238,'adventure-worksryan0','7ADAB0','4','Production Technician - WC60','1973-08-27','S','M','2009-01-21',0,35,37,1,'4652D4E4-6A27-47ED-9F51-C377E293DA28','2014-06-30'),(42,339712426,'adventure-worksjames0','7ADAD0','4','Production Technician - WC60','1984-07-25','M','M','2008-12-27',0,39,39,1,'82E52D5A-165B-4C6D-9773-C3A6B6332ECD','2014-06-30'),(43,693325305,'adventure-works\nancy0','7ADAF0','4','Production Technician - WC60','1988-11-19','M','F','2009-01-02',0,34,37,1,'6B7EB306-9A00-496A-98A9-4E94FE72F77C','2014-06-30'),(44,276751903,'adventure-workssimon0','7ADB08','4','Production Technician - WC60','1990-05-17','S','M','2008-12-08',0,38,39,1,'F734D38A-56B5-471E-8DED-A682E958A9B3','2014-06-30'),(45,500412746,'adventure-works	homas0','7ADB18','4','Production Technician - WC60','1986-01-10','M','M','2009-02-26',0,37,38,1,'8FF3AF67-32F2-4A08-98C3-A40F842D41A3','2014-06-30'),(46,66073987,'adventure-workseugene1','7ADB28','4','Production Technician - WC60','1976-02-10','S','M','2009-02-08',0,36,38,1,'33543B35-77DA-4600-A41B-1EAFEA0AD643','2014-06-30'),(47,33237992,'adventure-worksandrew0','7ADE','3','Production Supervisor - WC10','1988-09-06','S','M','2009-02-22',0,65,52,1,'08365B05-C143-4260-A93C-6B69418B1946','2014-06-30'),(48,690627818,'adventure-works\ruth0','7ADEB0','4','Production Technician - WC10','1956-06-04','M','F','2008-01-06',0,83,61,1,'3E3B6905-209E-442E-B8A8-9A0980241C6A','2014-06-30'),(49,912265825,'adventure-worksarry0','7ADED0','4','Production Technician - WC10','1956-03-26','S','M','2008-01-07',0,88,64,1,'756A60AE-378F-43D8-9F93-1E821D1EAF52','2014-06-30'),(50,844973625,'adventure-workssidney0','7ADEF0','4','Production Technician - WC10','1956-08-30','M','M','2008-02-02',0,84,62,1,'40D603D9-7F99-48B7-A580-B17CF429BED2','2014-06-30'),(51,132674823,'adventure-worksjeffrey0','7ADF08','4','Production Technician - WC10','1956-07-11','S','M','2008-02-20',0,85,62,1,'6E086F41-B81D-4BDC-9F13-0EEC488DC43E','2014-06-30'),(52,565090917,'adventure-worksdoris0','7ADF18','4','Production Technician - WC10','1956-04-04','M','F','2008-03-10',0,86,63,1,'692B8826-03B4-4C3B-82FC-1FC6F1409689','2014-06-30'),(53,9659517,'adventure-worksdiane0','7ADF28','4','Production Technician - WC10','1956-03-29','M','F','2008-03-28',0,87,63,1,'C334B2D2-0C56-4906-9095-F1D07A98CBEC','2014-06-30'),(54,109272464,'adventure-worksonnie0','7ADF38','4','Production Technician - WC10','1986-09-10','M','F','2010-01-01',0,89,64,1,'E950A52A-DF61-4FEC-9063-545664D65B89','2014-06-30'),(55,233069302,'adventure-works	aylor0','7AE1','3','Production Supervisor - WC50','1956-04-01','M','M','2008-02-08',0,79,59,1,'28F7EF89-2793-4989-B67D-25046543C1E3','2014-06-30'),(56,652535724,'adventure-worksdenise0','7AE158','4','Production Technician - WC50','1988-07-06','M','F','2009-02-05',0,9,24,1,'77878C43-F16E-437D-892F-3CFCC0715A0A','2014-06-30'),(57,10708100,'adventure-worksfrank1','7AE168','4','Production Technician - WC50','1971-07-24','S','M','2009-02-23',0,10,25,1,'B395CD84-77BA-4D3C-A49D-D9E8D6CF100B','2014-06-30'),(58,571658797,'adventure-workskendall0','7AE178','4','Production Technician - WC50','1986-05-30','M','M','2008-12-05',0,11,25,1,'65207627-5521-4A8E-AD3C-B2F1B5226B85','2014-06-30'),(59,843479922,'adventure-worksob0','7AE184','4','Production Technician - WC50','1979-08-16','S','M','2008-12-24',0,12,26,1,'68616AEA-81E5-4940-A7E4-6FBA882BCCF6','2014-06-30'),(60,827686041,'adventure-workspete0','7AE18C','4','Production Technician - WC50','1977-02-03','S','M','2009-01-11',0,13,26,1,'1F1D813D-3EDC-4274-8E9B-4519D71685B6','2014-06-30'),(61,92096924,'adventure-worksdiane2','7AE194','4','Production Technician - WC50','1989-08-09','S','F','2009-01-18',0,8,24,1,'721A2921-C415-46DE-9111-13F25F428B8B','2014-06-30'),(62,494170342,'adventure-worksjohn0','7AE3','3','Production Supervisor - WC60','1956-08-07','M','M','2008-03-17',0,81,60,1,'D4ED1F78-7C28-479B-BFEF-A73228BA2AAA','2014-06-30'),(63,414476027,'adventure-worksmaciej0','7AE358','4','Production Technician - WC60','1955-01-30','S','M','2010-01-29',0,30,35,1,'3229D93F-6A14-4BAC-ABC5-A91B9ECFB4D3','2014-06-30'),(64,582347317,'adventure-worksmichael7','7AE368','4','Production Technician - WC60','1973-09-05','S','M','2010-02-23',0,26,33,1,'492B24BD-BDE9-4371-B96E-CCD72264B91F','2014-06-30'),(65,8066363,'adventure-works\randy0','7AE378','4','Production Technician - WC60','1970-04-28','M','M','2010-02-23',0,29,34,1,'9A08108D-E039-4862-8F93-55F18017AD72','2014-06-30'),(66,834186596,'adventure-workskaran0','7AE384','4','Production Technician - WC60','1970-03-07','S','M','2009-12-22',0,28,34,1,'08B1BA74-DD80-4FDA-8327-93268B84977B','2014-06-30'),(67,63179277,'adventure-worksjay0','7AE38C','4','Production Technician - WC60','1976-02-11','S','M','2009-03-05',0,32,36,1,'18187809-5294-474F-85A1-D5BE6BD518D6','2014-06-30'),(68,537092325,'adventure-workscharles0','7AE394','4','Production Technician - WC60','1971-09-02','S','M','2009-12-03',0,27,33,1,'CDC11292-DF74-4FB0-8676-5B2AA4687142','2014-06-30'),(69,752513276,'adventure-workssteve0','7AE39C','4','Production Technician - WC60','1991-04-06','S','M','2009-02-15',0,31,35,1,'12F678D7-EAD3-4CF4-8518-A19AACF2A6D4','2014-06-30'),(70,36151748,'adventure-worksdavid2','7AE3A2','4','Production Technician - WC60','1984-12-29','M','M','2008-12-15',0,33,36,1,'FC617BB8-D2A3-4374-873C-8EF38D80127D','2014-06-30'),(71,578935259,'adventure-worksmichael3','7AE5','3','Production Supervisor - WC30','1989-01-29','S','M','2009-02-15',0,70,55,1,'1AD772D7-7B4A-4A7B-8676-49DD7608CB94','2014-06-30'),(72,443968955,'adventure-workssteven0','7AE558','4','Production Technician - WC30','1977-05-14','M','M','2008-12-01',0,41,40,1,'0A8937C9-68AA-4D48-BA4E-B40493D764AA','2014-06-30'),(73,138280935,'adventure-workscarole0','7AE568','4','Production Technician - WC30','1983-10-19','M','F','2008-12-19',0,42,41,1,'C76A41F1-A390-4AE4-A82A-2A87764C6391','2014-06-30'),(274,420023788,'adventure-worksjorn0','7AE578','4','Production Technician - WC30','1989-11-06','S','M','2009-01-07',0,43,41,1,'A942E1E0-2D5E-4858-97C0-947020E96860','2014-06-30'),(275,363996959,'adventure-worksmichiko0','7AE584','4','Production Technician - WC30','1982-06-27','S','M','2009-01-26',0,44,42,1,'F359F5B6-5E18-4C62-8531-14D951911CE5','2014-06-30'),(276,227319668,'adventure-workscarol0','7AE58C','4','Production Technician - WC30','1988-10-17','M','F','2009-02-12',0,45,42,1,'8D0182A3-5B59-4EEA-9B3C-C7F05DA9A2CE','2014-06-30'),(277,301435199,'adventure-worksmerav0','7AE594','4','Production Technician - WC30','1983-05-13','M','F','2009-03-03',0,46,43,1,'2EE7914A-62D3-473B-A0E1-E4E55341EC4E','2014-06-30'),(278,370989364,'adventure-works\reuben0','7AE7','3','Production Supervisor - WC40','1987-08-27','M','M','2008-12-15',0,72,56,1,'71EEE2A6-B9B3-4BF4-8949-01239DF7C901','2014-06-30'),(279,697712387,'adventure-workseric1','7AE758','4','Production Technician - WC40','1966-12-08','M','M','2010-01-24',0,60,50,1,'55F62E38-9457-46C8-A824-E46A3117A935','2014-06-30'),(280,943170460,'adventure-workssandeep0','7AE768','4','Production Technician - WC40','1970-12-03','S','M','2010-01-17',0,65,52,1,'606C21E2-3EC0-48A6-A9FE-6BC8123AC786','2014-06-30'),(281,413787783,'adventure-worksmihail0','7AE778','4','Production Technician - WC40','1971-03-09','S','M','2009-12-29',0,64,52,1,'03A9BA14-0D5B-4671-B851-2C1721EFBF01','2014-06-30'),(282,58791499,'adventure-worksjack1','7AE784','4','Production Technician - WC40','1973-08-29','S','M','2010-03-03',0,62,51,1,'D308D387-F7F3-4B5F-ABDA-FAF5574245CD','2014-06-30'),(283,988315686,'adventure-workspatrick1','7AE78C','4','Production Technician - WC40','1973-12-23','M','M','2010-02-12',0,61,50,1,'296C52AE-169F-4292-975D-C508476DCECF','2014-06-30'),(284,947029962,'adventure-worksfrank3','7AE794','4','Production Technician - WC40','1952-03-02','M','M','2010-02-05',0,66,53,1,'9AF24ACC-EA3E-4EFE-B5E3-4762C496D57C','2014-06-30'),(285,1662732,'adventure-worksrian2','7AE79C','4','Production Technician - WC40','1970-12-23','S','M','2009-12-11',0,63,51,1,'C294F676-CAAF-4924-9730-BC81AE408BE1','2014-06-30'),(286,769680433,'adventure-works\ryan0','7AE7A2','4','Production Technician - WC40','1972-06-13','M','M','2009-01-05',0,59,49,1,'10E5BD6F-2B9C-4192-A94D-6A2D50EA1ADB','2014-06-30'),(287,7201901,'adventure-workscristian0','7AE880','3','Production Supervisor - WC10','1984-04-11','M','M','2008-12-22',0,67,53,1,'5BE16416-8570-417D-9E54-047DB468B5E9','2014-06-30'),(288,294148271,'adventure-worksetsy0','7AE8AC','4','Production Technician - WC10','1966-12-17','S','F','2009-12-18',0,99,69,1,'EBCDBA1C-6C1D-4D36-90F7-1893755C85E3','2014-06-30'),(289,90888098,'adventure-workspatrick0','7AE8B4','4','Production Technician - WC10','1986-09-10','S','M','2010-02-01',0,96,68,1,'D5FBE9E6-B8C5-484C-B4B8-48059E0EF267','2014-06-30'),(290,82638150,'adventure-worksdanielle0','7AE8BC','4','Production Technician - WC10','1986-09-07','S','F','2010-02-20',0,97,68,1,'BB886159-1400-4264-B7C9-A3769BEB1274','2014-06-30'),(91,390124815,'adventure-workskimberly0','7AE8C2','4','Production Technician - WC10','1986-09-13','S','F','2010-01-12',0,95,67,1,'CE256B6C-1EEE-43ED-9969-7CAC480FF4D7','2014-06-30'),(92,826454897,'adventure-works	om0','7AE8C6','4','Production Technician - WC10','1986-10-01','M','M','2010-03-10',0,98,69,1,'B3BF7FC5-2014-48CE-B7BB-76124FA8446C','2014-06-30'),(93,778552911,'adventure-workskok-ho0','7AE980','3','Production Supervisor - WC50','1980-04-28','S','M','2008-12-27',0,78,59,1,'57FB2C0F-B105-49F0-967A-88F3D743CB3F','2014-06-30'),(94,718299860,'adventure-works\russell0','7AE9AC','4','Production Technician - WC50','1972-11-25','M','M','2008-12-12',0,6,23,1,'6B10192F-D570-47C4-82C9-3D979B1EFDC1','2014-06-30'),(95,674171828,'adventure-worksjim0','7AE9B4','4','Production Technician - WC50','1986-09-08','M','M','2008-12-19',0,1,20,1,'6175876E-8FCC-4917-BE06-FC358515E6DF','2014-06-30'),(96,912141525,'adventure-workselizabeth0','7AE9BC','4','Production Technician - WC50','1990-01-25','M','F','2009-03-02',0,5,22,1,'62A9F73F-6443-4F2F-B864-18186614BFB6','2014-06-30'),(97,370581729,'adventure-worksmandar0','7AE9C2','4','Production Technician - WC50','1986-03-21','S','M','2009-02-10',0,0,20,1,'1F0E068A-48C5-40BF-8190-565150EFDADD','2014-06-30'),(98,152085091,'adventure-workssameer0','7AE9C6','4','Production Technician - WC50','1978-06-26','M','M','2009-02-11',0,4,22,1,'A703169F-1563-488E-914D-D784FD07F29A','2014-06-30'),(99,431859843,'adventure-works\nuan0','7AE9CA','4','Production Technician - WC50','1979-03-29','S','M','2009-01-06',0,2,21,1,'A6089357-2F2F-48CC-AB3C-D9B75A3C09D7','2014-06-30'),(100,204035155,'adventure-workslolan0','7AE9CE','4','Production Technician - WC50','1973-01-24','M','M','2009-01-12',0,7,23,1,'9B9B768D-7CC1-4DCE-87CB-765AB73A6AFF','2014-06-30');

-- Insertion de données dans Shift
INSERT INTO Shift 
VALUES 
	(1,'Day','07:00:00','15:00:00','2008-04-30'),
	(2,'Evening','15:00:00','23:00:00','2008-04-30'),
	(3,'Night','23:00:00','07:00:00','2008-04-30');

-- Insertion de données dans Department
INSERT INTO Department 
	VALUES 
		(1,'Engineering','Research and Development','2008-04-30'),
		(2,'Tool Design','Research and Development','2008-04-30'),
		(3,'Sales','Sales and Marketing','2008-04-30'),
		(4,'Marketing','Sales and Marketing','2008-04-30'),
		(5,'Purchasing','Inventory Management','2008-04-30'),
		(6,'Research and Development','Research and Development','2008-04-30'),
		(7,'Production','Manufacturing','2008-04-30'),
		(8,'Production Control','Manufacturing','2008-04-30'),
		(9,'Human Resources','Executive General and Administration','2008-04-30'),
		(10,'Finance','Executive General and Administration','2008-04-30'),
		(11,'Information Services','Executive General and Administration','2008-04-30'),
		(12,'Document Control','Quality Assurance','2008-04-30'),
		(13,'Quality Assurance','Quality Assurance','2008-04-30'),
		(14,'Facilities and Maintenance','Executive General and Administration','2008-04-30'),
		(15,'Shipping and Receiving','Inventory Management','2008-04-30'),
		(16,'Executive','Executive General and Administration','2008-04-30');


-- Insertion de données dans EmployeeDepartmentHistory
INSERT INTO EmployeeDepartmentHistory 
VALUES 
	(1,16,1,'2009-01-14',NULL,'2009-01-13'),(2,1,1,'2008-01-31',NULL,'2008-01-30'),(3,1,1,'2007-11-11',NULL,'2007-11-10'),(4,1,1,'2007-12-05','2010-05-30','2010-05-28'),(4,2,1,'2010-05-31',NULL,'2010-05-30'),(5,1,1,'2008-01-06',NULL,'2008-01-05'),(6,1,1,'2008-01-24',NULL,'2008-01-23'),(7,6,1,'2009-02-08',NULL,'2009-02-07'),(8,6,1,'2008-12-29',NULL,'2008-12-28'),(9,6,1,'2009-01-16',NULL,'2009-01-15'),(10,6,1,'2009-05-03',NULL,'2009-05-02'),(11,2,1,'2010-12-05',NULL,'2010-12-04'),(12,2,1,'2007-12-11',NULL,'2007-12-10'),(13,2,1,'2010-12-23',NULL,'2010-12-22'),(14,1,1,'2010-12-30',NULL,'2010-12-29'),(15,1,1,'2011-01-18',NULL,'2011-01-17'),(16,5,1,'2007-12-20','2009-07-14','2009-07-12'),(16,4,1,'2009-07-15',NULL,'2009-07-14'),(17,4,1,'2007-01-26',NULL,'2007-01-25'),(18,4,1,'2011-02-07',NULL,'2011-02-06'),(19,4,1,'2011-02-14',NULL,'2011-02-13'),(20,4,1,'2011-01-07',NULL,'2011-01-06'),(21,4,1,'2009-03-02',NULL,'2009-03-01'),(22,4,1,'2008-12-12',NULL,'2008-12-11'),(23,4,1,'2009-01-12',NULL,'2009-01-11'),(24,4,1,'2009-01-18',NULL,'2009-01-17'),(25,7,1,'2009-02-03',NULL,'2009-02-02'),(26,8,1,'2008-12-01',NULL,'2008-11-30'),(27,7,1,'2008-02-27',NULL,'2008-02-26'),(28,7,1,'2006-06-30',NULL,'2006-06-29'),(29,7,1,'2009-01-23',NULL,'2009-01-22'),(30,7,1,'2009-01-29',NULL,'2009-01-28'),(31,7,1,'2009-01-04',NULL,'2009-01-03'),(32,7,1,'2008-12-29',NULL,'2008-12-28'),(33,7,1,'2008-12-17',NULL,'2008-12-16'),(34,7,1,'2009-02-16',NULL,'2009-02-15'),(35,7,1,'2009-02-08',NULL,'2009-02-07'),(36,7,1,'2009-02-10',NULL,'2009-02-09'),(37,7,1,'2009-03-07',NULL,'2009-03-06'),(38,7,1,'2010-01-16',NULL,'2010-01-15'),(39,7,1,'2010-02-05',NULL,'2010-02-04'),(40,7,3,'2007-12-26',NULL,'2007-12-25'),(41,7,3,'2009-01-21',NULL,'2009-01-20'),(42,7,3,'2008-12-27',NULL,'2008-12-26'),(43,7,3,'2009-01-02',NULL,'2009-01-01'),(44,7,3,'2008-12-08',NULL,'2008-12-07'),(45,7,3,'2009-02-26',NULL,'2009-02-25'),(46,7,3,'2009-02-08',NULL,'2009-02-07'),(47,7,1,'2009-02-22',NULL,'2009-02-21'),(48,7,1,'2008-01-06',NULL,'2008-01-05'),(49,7,1,'2008-01-07',NULL,'2008-01-06'),(50,7,1,'2008-02-02',NULL,'2008-02-01'),(51,7,1,'2008-02-20',NULL,'2008-02-19'),(52,7,1,'2008-03-10',NULL,'2008-03-09'),(53,7,1,'2008-03-28',NULL,'2008-03-27'),(54,7,1,'2010-01-01',NULL,'2009-12-31'),(55,7,3,'2008-02-08',NULL,'2008-02-07'),(56,7,3,'2009-02-05',NULL,'2009-02-04'),(57,7,3,'2009-02-23',NULL,'2009-02-22'),(58,7,3,'2008-12-05',NULL,'2008-12-04'),(59,7,3,'2008-12-24',NULL,'2008-12-23'),(60,7,3,'2009-01-11',NULL,'2009-01-10'),(61,7,3,'2009-01-18',NULL,'2009-01-17'),(62,7,2,'2008-03-17',NULL,'2008-03-16'),(63,7,2,'2010-01-29',NULL,'2010-01-28'),(64,7,2,'2010-02-23',NULL,'2010-02-22'),(65,7,2,'2010-02-23',NULL,'2010-02-22'),(66,7,2,'2009-12-22',NULL,'2009-12-21'),(67,7,2,'2009-03-05',NULL,'2009-03-04'),(68,7,2,'2009-12-03',NULL,'2009-12-02'),(69,7,2,'2009-02-15',NULL,'2009-02-14'),(70,7,2,'2008-12-15',NULL,'2008-12-14'),(71,7,3,'2009-02-15',NULL,'2009-02-14'),(72,7,3,'2008-12-01',NULL,'2008-11-30'),(73,7,3,'2008-12-19',NULL,'2008-12-18'),(274,3,3,'2009-01-07',NULL,'2009-01-06'),(275,3,3,'2009-01-26',NULL,'2009-01-25'),(276,3,3,'2009-02-12',NULL,'2009-02-11'),(277,3,3,'2009-03-03',NULL,'2009-03-02'),(278,3,2,'2008-12-15',NULL,'2008-12-14'),(279,3,2,'2010-01-24',NULL,'2010-01-23'),(280,3,2,'2010-01-17',NULL,'2010-01-16'),(281,3,2,'2009-12-29',NULL,'2009-12-28'),(282,3,2,'2010-03-03',NULL,'2010-03-02'),(283,3,2,'2010-02-12',NULL,'2010-02-11'),(284,3,2,'2010-02-05',NULL,'2010-02-04'),(285,3,2,'2009-12-11',NULL,'2009-12-10'),(286,3,2,'2009-01-05',NULL,'2009-01-04'),(287,3,3,'2008-12-22',NULL,'2008-12-21'),(288,3,3,'2009-12-18',NULL,'2009-12-17'),(289,3,3,'2010-02-01',NULL,'2010-01-31'),(290,3,3,'2010-02-20',NULL,'2010-02-19'),(91,7,3,'2010-01-12',NULL,'2010-01-11'),(92,7,3,'2010-03-10',NULL,'2010-03-09'),(93,7,2,'2008-12-27',NULL,'2008-12-26'),(94,7,2,'2008-12-12',NULL,'2008-12-11'),(95,7,2,'2008-12-19',NULL,'2008-12-18'),(96,7,2,'2009-03-02',NULL,'2009-03-01'),(97,7,2,'2009-02-10',NULL,'2009-02-09'),(98,7,2,'2009-02-11',NULL,'2009-02-10');

-- Insertion de données dans EmployeePayHistory
INSERT INTO EmployeePayHistory 
VALUES 
	(1,'2009-01-14',125.5000,2,'2014-06-30'),
	(2,'2008-01-31',63.4615,2,'2014-06-30'),
	(3,'2007-11-11',43.2692,2,'2014-06-30'),
	(4,'2007-12-05',8.6200,2,'2007-11-21'),
	(4,'2010-05-31',23.7200,2,'2010-05-16'),
	(4,'2011-12-15',29.8462,2,'2011-12-01'),
	(5,'2008-01-06',32.6923,2,'2014-06-30'),(6,'2008-01-24',32.6923,2,'2014-06-30'),(7,'2009-02-08',50.4808,2,'2014-06-30'),(8,'2008-12-29',40.8654,2,'2014-06-30'),(9,'2009-01-16',40.8654,2,'2014-06-30'),(10,'2009-05-03',42.4808,2,'2014-06-30'),(11,'2010-12-05',28.8462,2,'2014-06-30'),(12,'2007-12-11',25.0000,2,'2014-06-30'),(13,'2010-12-23',25.0000,2,'2014-06-30'),(14,'2010-12-30',36.0577,2,'2014-06-30'),(15,'2011-01-18',32.6923,2,'2014-06-30'),(16,'2007-12-20',24.0000,2,'2007-12-06'),(16,'2009-07-15',28.7500,2,'2009-07-01'),(16,'2012-04-30',37.5000,2,'2012-04-16'),(17,'2007-01-26',13.4615,2,'2014-06-30'),(18,'2011-02-07',14.4231,2,'2014-06-30'),(19,'2011-02-14',13.4615,2,'2014-06-30'),(20,'2011-01-07',13.4615,2,'2014-06-30'),(21,'2009-03-02',14.4231,2,'2014-06-30'),(22,'2008-12-12',14.4231,2,'2014-06-30'),(23,'2009-01-12',14.4231,2,'2014-06-30'),(24,'2009-01-18',14.4231,2,'2014-06-30'),(25,'2009-02-03',84.1346,2,'2014-06-30'),(26,'2008-12-01',24.5192,2,'2014-06-30'),(27,'2008-02-27',25.0000,2,'2014-06-30'),(28,'2006-06-30',12.4500,1,'2014-06-30'),(29,'2009-01-23',12.4500,1,'2014-06-30'),(30,'2009-01-29',12.4500,1,'2014-06-30'),(31,'2009-01-04',12.4500,1,'2014-06-30'),(32,'2008-12-29',12.4500,1,'2014-06-30'),(33,'2008-12-17',12.4500,1,'2014-06-30'),(34,'2009-02-16',12.4500,1,'2014-06-30'),(35,'2009-02-08',12.4500,1,'2014-06-30'),(36,'2009-02-10',12.4500,1,'2014-06-30'),(37,'2009-03-07',12.4500,1,'2014-06-30'),(38,'2010-01-16',12.4500,1,'2014-06-30'),(39,'2010-02-05',12.4500,1,'2014-06-30'),(40,'2007-12-26',25.0000,2,'2014-06-30'),(41,'2009-01-21',12.4500,1,'2014-06-30'),(42,'2008-12-27',12.4500,1,'2014-06-30'),(43,'2009-01-02',12.4500,1,'2014-06-30'),(44,'2008-12-08',12.4500,1,'2014-06-30'),(45,'2009-02-26',12.4500,1,'2014-06-30'),(46,'2009-02-08',12.4500,1,'2014-06-30'),(47,'2009-02-22',25.0000,2,'2014-06-30'),(48,'2008-01-06',13.4500,1,'2014-06-30'),(49,'2008-01-07',13.4500,1,'2014-06-30'),(50,'2008-02-02',13.4500,1,'2014-06-30'),(51,'2008-02-20',13.4500,1,'2014-06-30'),(52,'2008-03-10',13.4500,1,'2014-06-30'),(53,'2008-03-28',13.4500,1,'2014-06-30'),(54,'2010-01-01',13.4500,1,'2014-06-30'),(55,'2008-02-08',25.0000,2,'2014-06-30'),(56,'2009-02-05',11.0000,1,'2014-06-30'),(57,'2009-02-23',11.0000,1,'2014-06-30'),(58,'2008-12-05',11.0000,1,'2014-06-30'),(59,'2008-12-24',11.0000,1,'2014-06-30'),(60,'2009-01-11',11.0000,1,'2014-06-30'),(61,'2009-01-18',11.0000,1,'2014-06-30'),(62,'2008-03-17',25.0000,2,'2014-06-30'),(63,'2010-01-29',12.4500,1,'2014-06-30'),(64,'2010-02-23',12.4500,1,'2014-06-30'),(65,'2010-02-23',12.4500,1,'2014-06-30'),(66,'2009-12-22',12.4500,1,'2014-06-30'),(67,'2009-03-05',12.4500,1,'2014-06-30'),(68,'2009-12-03',12.4500,1,'2014-06-30'),(69,'2009-02-15',12.4500,1,'2014-06-30'),(70,'2008-12-15',12.4500,1,'2014-06-30'),(71,'2009-02-15',25.0000,2,'2014-06-30'),(72,'2008-12-01',9.5000,1,'2014-06-30'),(73,'2008-12-19',9.5000,1,'2014-06-30'),(274,'2009-01-07',9.5000,1,'2014-06-30'),(275,'2009-01-26',9.5000,1,'2014-06-30'),(276,'2009-02-12',9.5000,1,'2014-06-30'),(277,'2009-03-03',9.5000,1,'2014-06-30'),(278,'2008-12-15',25.0000,2,'2014-06-30'),(279,'2010-01-24',15.0000,1,'2014-06-30'),(280,'2010-01-17',15.0000,1,'2014-06-30'),(281,'2009-12-29',15.0000,1,'2014-06-30'),(282,'2010-03-03',15.0000,1,'2014-06-30'),(283,'2010-02-12',15.0000,1,'2014-06-30'),(284,'2010-02-05',15.0000,1,'2014-06-30'),(285,'2009-12-11',15.0000,1,'2014-06-30'),(286,'2009-01-05',15.0000,1,'2014-06-30'),(287,'2008-12-22',25.0000,2,'2014-06-30'),(288,'2009-12-18',13.4500,1,'2014-06-30'),(289,'2010-02-01',13.4500,1,'2014-06-30'),(290,'2010-02-20',13.4500,1,'2014-06-30'),(91,'2010-01-12',13.4500,1,'2014-06-30'),(92,'2010-03-10',13.4500,1,'2014-06-30'),(93,'2008-12-27',25.0000,2,'2014-06-30'),(94,'2008-12-12',11.0000,1,'2014-06-30'),(95,'2008-12-19',11.0000,1,'2014-06-30'),(96,'2009-03-02',11.0000,1,'2014-06-30');



-- --------  Fin de script ------------